金额,支付途径,支付日期,标签,详情
-20.0,花呗,2021/09/01,话费,手机充值
0.8,花呗,2021/09/01,薅羊毛,支付宝手机充值优惠
-7.17,花呗,2021/09/01,吃饭,嗨饭火锅杯（海事直送店）
0.17,支付宝,2021/09/01,理财,余额宝收益发放
-10.0,花呗,2021/09/01,吃饭,二嫂水饺（第4档口双福美食城）
-17.73,花呗,2021/09/01,吃饭,美味粥铺（海事校内店）
0.17,支付宝,2021/09/02,理财,余额宝收益发放
-16.64,花呗,2021/09/02,吃饭,魔方汉堡（海事校内店铺）
-13.44,花呗,2021/09/02,吃饭,毛毛匠串炒饭（理工店）
-3.0,花呗,2021/09/02,饮料,怡宝
-9.05,花呗,2021/09/03,吃饭,安徽板面（海事校内店）
0.17,支付宝,2021/09/03,理财,余额宝收益发放
-8.86,花呗,2021/09/03,吃饭,美味粥铺（海事校内店）
-4.0,微信,2021/09/03,洗衣,洗衣
-15.04,花呗,2021/09/04,吃饭,柳香黄焖鸡米饭（方舟店）
0.17,支付宝,2021/09/04,理财,余额宝收益发放
-13.76,花呗,2021/09/04,吃饭,一品潼关肉夹馍&凉皮（校内直送）
-3.0,花呗,2021/09/04,饮料,青梅绿茶
0.17,支付宝,2021/09/05,理财,余额宝收益发放
-6.22,花呗,2021/09/05,吃饭,美味粥铺（海事校内店）
-9.0,花呗,2021/09/05,吃饭,安徽板面（海事校内店）
0.17,支付宝,2021/09/06,理财,余额宝收益发放
-12.49,花呗,2021/09/06,吃饭,御香园麻辣烫，苕粉（方舟美食城店）
-11.3,花呗,2021/09/06,吃饭,潮范儿石锅拌饭（海事校内店）
0.21,支付宝,2021/09/07,理财,余额宝收益发放
-11.55,花呗,2021/09/07,吃饭,0090炸鸡汉堡（方舟美食城店）
-16.95,花呗,2021/09/07,吃饭,毛毛匠串炒饭（理工店）
0.2,支付宝,2021/09/08,理财,余额宝收益发放
-15.26,花呗,2021/09/08,吃饭,真心便当（软件园店）
-10.29,花呗,2021/09/08,吃饭,美味粥铺（海事校内店）
0.29,支付宝,2021/09/08,理财,稳健理财
0.18,支付宝,2021/09/09,理财,余额宝收益发放
-10.52,花呗,2021/09/09,吃饭,徐记叉烧饭（方舟美食城店）
-13.54,花呗,2021/09/09,吃饭,好粥道炒河粉拌鸡架（方舟店）
-3.0,花呗,2021/09/09,饮料,怡宝
0.18,支付宝,2021/09/10,理财,余额宝收益发放
-10.54,花呗,2021/09/10,吃饭,徐记叉烧饭（方舟美食城店）
-5.78,花呗,2021/09/10,吃饭,格格米线（校内专送店）
-8.44,花呗,2021/09/11,吃饭,丝味鸭血粉丝（方舟美食城店）
0.14,支付宝,2021/09/11,理财,余额宝收益发放
-16.53,花呗,2021/09/11,吃饭,魔方汉堡（海事校内店铺）
-1.35,微信,2021/09/12,其他,教师节礼物对钱
0.13,支付宝,2021/09/12,理财,余额宝收益发放
-9.04,花呗,2021/09/12,吃饭,小猪笨笨（方舟美食城店）
-8.68,花呗,2021/09/12,吃饭,丝味鸭血粉丝（方舟美食城店）
-3.0,花呗,2021/09/12,饮料,怡宝
0.13,支付宝,2021/09/13,理财,余额宝收益发放
-10.3,花呗,2021/09/13,吃饭,美团会员红包5*6张
-21.0,花呗,2021/09/13,吃饭,无限创作鸡肉饭（高新万达店）
-7.79,花呗,2021/09/13,吃饭,老妈烫饭铁板炒饭炒饼（方舟美食城店）
-0.88,微信,2021/09/13,娱乐,QQ音乐会员充值（为3103216493购买）
0.13,支付宝,2021/09/14,理财,余额宝收益发放
-6.9,花呗,2021/09/14,生活,卫生纸（16卷无芯卷纸卫生纸家用实惠装厕所厕纸手纸整箱批发卷筒纸巾擦手）
6.0,花呗,2021/09/14,薅羊毛,淘宝专享频道红包
-4.7,花呗,2021/09/14,吃饭,美团会员红包5*6张（补充）
4.7,花呗,2021/09/14,薅羊毛,美团会员红包5*6张(减免)
-14.0,花呗,2021/09/14,吃饭,二嫂水饺（海事理工店）
-10.51,花呗,2021/09/14,吃饭,美味粥铺（海事校内店）
-3.9,花呗,2021/09/15,电子,原装正品适用vivo入耳式x20x21x23x27耳塞通用手机有线控耳机原配
3.0,花呗,2021/09/15,薅羊毛,淘宝特价版红包
-4.5,花呗,2021/09/15,生活,成人软毛螺旋丝牙刷
3.5,花呗,2021/09/15,薅羊毛,成人软毛螺旋丝牙刷淘宝减免3元3件大放送
-4.65,花呗,2021/09/15,生活,平口斜口指甲刀2只装
3.65,花呗,2021/09/15,薅羊毛,平口斜口指甲刀2只装 淘宝减免3元3件大放送
-4.5,花呗,2021/09/15,电子,1米 安卓数据线
3.5,花呗,2021/09/15,薅羊毛,1米 安卓数据线 淘宝减免3元3件大放送
0.14,支付宝,2021/09/15,理财,余额宝收益发放
-9.28,花呗,2021/09/15,吃饭,小猪笨笨（方舟美食城店）
-3.0,花呗,2021/09/15,饮料,怡宝
-15.0,花呗,2021/09/15,吃饭,成都味道
-7.0,微信,2021/09/15,学习,校务行成绩单与成绩排名
0.13,支付宝,2021/09/16,理财,余额宝收益发放
-11.0,花呗,2021/09/16,交通,去大医二院体检路费
2.0,花呗,2021/09/16,朋友,没带校园卡，使用刘彤的来回公交车路费
-1.0,花呗,2021/09/16,医疗,华科体检挂号费
-113.9,花呗,2021/09/16,医疗,华科体检费
-12.28,花呗,2021/09/16,吃饭,烤鱼饭（方舟美食城店）
-11.98,花呗,2021/09/16,吃饭,御香园麻辣烫，苕粉（方舟美食城店）
0.13,支付宝,2021/09/17,理财,余额宝收益发放
-16.63,花呗,2021/09/17,吃饭,烤鱼饭（方舟美食城店）
-12.64,花呗,2021/09/17,吃饭,御香园麻辣烫，苕粉（方舟美食城店）
-3.0,花呗,2021/09/17,饮料,怡宝
-0.6,微信,2021/09/17,朋友,刘彤申请华科直博，打印导师推荐信
0.13,支付宝,2021/09/18,理财,余额宝收益发放
-10.37,花呗,2021/09/18,吃饭,美味粥铺（海事校内店）
-10.0,花呗,2021/09/18,交通,去大医二院拿体检报告路费
2.0,花呗,2021/09/18,朋友,去大医二院拿体检报告，没带校园卡，使用刘彤的来回公交车路费
-4.0,微信,2021/09/18,学习,校务行成绩单
0.13,支付宝,2021/09/19,理财,余额宝收益发放
-13.98,花呗,2021/09/19,吃饭,潮范儿石锅拌饭（海事校内店）
-7.65,花呗,2021/09/19,吃饭,老妈烫饭铁板炒饭炒饼（方舟美食城店）
0.13,支付宝,2021/09/20,理财,余额宝收益发放
-10.14,花呗,2021/09/20,吃饭,小猪笨笨（方舟美食城店）
-8.64,花呗,2021/09/20,吃饭,木槿屋风味干锅居（方舟美食城店）
8.64,花呗,2021/09/20,薅羊毛,木槿屋风味干锅居（方舟美食城店）退款（当时送晚了，所以退款了，但还是送到了，所以晚上吃的）（当天下雨🌧）
-5.2,花呗,2021/09/20,吃亏,无名缘米粉·凉皮（方舟美食城店）外卖没送到，反而说送到了
0.81,中国银行,2021/09/20,理财,中国银行利息
0.03,邮政储蓄,2021/09/21,理财,邮政储蓄银行利息
0.13,支付宝,2021/09/21,理财,余额宝收益发放
-16.63,花呗,2021/09/21,吃饭,0090炸鸡汉堡（方舟美食城店）香辣鸡腿堡+台湾大鸡排+可乐
-5.2,花呗,2021/09/21,吃饭,海大将军锅盔（海事校内店）
-6.1,花呗,2021/09/21,吃饭,汤姆手工虾滑•拌面(方舟店）凉皮＋黄瓜＋花生米（小份）
-3.0,花呗,2021/09/21,饮料,怡宝
-2.0,花呗,2021/09/21,学习,胶带（2卷）
-25.0,花呗,2021/09/21,理发,理发💇（不老美店）
-0.6,微信,2021/09/21,学习,打印英语自我介绍
0.13,支付宝,2021/09/22,理财,余额宝收益发放
-7.65,花呗,2021/09/22,吃饭,铁板烧肉饭（方舟美食城店）
-10.47,花呗,2021/09/22,吃饭,美味粥铺（海事校内店）
0.13,支付宝,2021/09/23,理财,余额宝收益发放
-11.0,花呗,2021/09/23,吃饭,方舟盒饭
-10.64,花呗,2021/09/23,吃饭,徐记叉烧饭
0.01,微信,2021/09/23,理财,微信零钱通收益发放
0.13,支付宝,2021/09/24,理财,余额宝收益发放
-11.0,花呗,2021/09/24,吃饭,方舟盒饭
-9.63,花呗,2021/09/24,吃饭,海大炸鸡汉堡（海事大学店）
0.01,微信,2021/09/25,理财,微信零钱通收益发放
0.13,支付宝,2021/09/25,理财,余额宝收益发放
-11.63,花呗,2021/09/25,吃饭,0090炸鸡汉堡（方舟美食城店）
-0.4,微信,2021/09/25,学习,打印英语自我介绍
0.13,支付宝,2021/09/26,理财,余额宝收益发放
-5.0,花呗,2021/09/26,吃饭,老妈烫饭铁板炒饭炒饼（方舟美食城店）
-3.0,花呗,2021/09/26,饮料,怡宝
0.13,支付宝,2021/09/27,理财,余额宝收益发放
-8.0,花呗,2021/09/27,吃饭,烤冷面
-7.65,花呗,2021/09/27,吃饭,老妈烫饭铁板炒饭炒饼（方舟美食城店）
-150.0,支付宝,2021/09/27,学习,重庆大学面试费用
-150.0,支付宝,2021/09/27,学习,推免系统报名费用
0.13,支付宝,2021/09/28,理财,余额宝收益发放
-10.47,花呗,2021/09/28,吃饭,美味粥铺（海事校内店）
0.01,微信,2021/09/28,理财,微信零钱通收益发放
-241.0,花呗,2021/09/28,电子,普中DSP开发实验板TMS320F28335入门学习核心 送工具箱仿真器套件
0.17,支付宝,2021/09/29,理财,余额宝收益发放
-15.0,花呗,2021/09/29,吃饭,一品香蒸菜
-3.0,花呗,2021/09/29,饮料,怡宝
-4.0,花呗,2021/09/29,饮料,饮料
0.01,微信,2021/09/29,理财,微信零钱通收益发放
-40.0,微信,2021/09/29,吃饭,川菜馆聚餐（辣子鸡、红油猪耳、干煸豆角、羊肉片）（刘彤、李炳学、黄以杰）
0.17,支付宝,2021/09/30,理财,余额宝收益发放
-11.0,花呗,2021/09/30,吃饭,方舟盒饭
-10.54,花呗,2021/09/30,吃饭,开心锡纸花甲粉（方舟美食城店）
0.01,微信,2021/09/30,理财,微信零钱通收益发放
1.73,支付宝,2021/09/30,理财,稳健理财
0.17,支付宝,2021/10/01,理财,余额宝收益发放
-6.6,花呗,2021/10/01,生活,袜子男士防臭运动中筒袜棉袜春秋短袜吸汗透气冬季长筒男袜纯色 中筒【黑+灰】;10双装
0.19,花呗,2021/10/01,薅羊毛,淘金币抵扣 袜子男士防臭运动中筒袜棉袜春秋短袜吸汗透气冬季长筒男袜纯色 中筒【黑+灰】;10双装
-10.04,花呗,2021/10/01,吃饭,美味粥铺（海事校内店）
-30.0,微信,2021/10/01,吃饭,五食堂烤鱼（王卿硕、黄以杰）
-10.0,中国银行,2021/10/01,话费,话费
3.2,中国银行,2021/10/01,薅羊毛,翼支付话费红包
0.17,支付宝,2021/10/02,理财,余额宝收益发放
-2.0,花呗,2021/10/02,学习,《高等电力电子技术》电子书
-9.04,花呗,2021/10/02,吃饭,方舟盒饭 淮南牛肉汤特色烤鸡腿饭（方舟美食城店）
-17.22,花呗,2021/10/02,吃饭,香飘九粥（海事校内店）
0.17,支付宝,2021/10/03,理财,余额宝收益发放
-12.66,花呗,2021/10/03,吃饭,安徽板面（海事校内店）
-1.5,花呗,2021/10/03,学习,大连海事大学笔记本（信纸）
-11.0,花呗,2021/10/03,吃饭,肠粉
0.17,支付宝,2021/10/04,理财,余额宝收益发放
-10.26,花呗,2021/10/04,吃饭,方舟盒饭 淮南牛肉汤特色烤鸡腿饭（方舟美食城店）
-7.55,花呗,2021/10/04,吃饭,包子砂锅（方舟店）
-10.0,花呗,2021/10/04,话费,手机充值
1.5,花呗,2021/10/04,薅羊毛,支付宝手机📱充值优惠
-9.89,花呗,2021/10/05,生活,【买2送2条】男士内裤男中腰u凸平角裤四角裤男内裤男生裤头青年
3.0,花呗,2021/10/05,薅羊毛,【买2送2条】男士内裤男中腰u凸平角裤四角裤男内裤男生裤头青年淘宝红包抵扣
0.17,支付宝,2021/10/05,理财,余额宝收益发放
-11.54,花呗,2021/10/05,吃饭,一品香蒸菜（方舟美食城店）
-10.0,花呗,2021/10/05,吃饭,盛京相思面海事店
0.17,支付宝,2021/10/06,理财,余额宝收益发放
-16.53,花呗,2021/10/06,吃饭,0090炸鸡汉堡（方舟美食城店），香辣鸡腿堡+台湾大鸡排+可乐
-4.0,花呗,2021/10/06,饮料,茉莉花茶
-7.55,花呗,2021/10/06,吃饭,包子砂锅（方舟店），千叶豆腐砂锅
0.17,支付宝,2021/10/07,理财,余额宝收益发放
-10.04,花呗,2021/10/07,吃饭,淮南牛肉汤特色烤鸡腿饭（方舟美食城店）
-7.55,花呗,2021/10/07,吃饭,包子砂锅（方舟店），千叶豆腐砂锅
-4.5,花呗,2021/10/07,饮料,康师傅炼乳味奶茶
0.17,支付宝,2021/10/08,理财,余额宝收益发放
-10.04,花呗,2021/10/08,吃饭,淮南牛肉汤特色烤鸡腿饭（方舟美食城店）
-12.45,花呗,2021/10/08,吃饭,包子砂锅（方舟店），千页豆腐砂锅加4个包子
0.17,支付宝,2021/10/09,理财,余额宝收益发放
-16.2,花呗,2021/10/09,吃饭,二嫂水饺（海事理工店）
-15.17,花呗,2021/10/09,吃饭,美味粥铺（海事校内店）（包含3张商家券）
-2.0,花呗,2021/10/09,学习,《电力电子学》，华科康勇编，电子书
0.51,花呗,2021/10/09,薅羊毛,支付宝天天领现金实体店通用红包
0.3,微信,2021/10/09,薅羊毛,新人注册赠送红包
0.17,支付宝,2021/10/10,理财,余额宝收益发放
-11.45,花呗,2021/10/10,吃饭,一品香蒸菜（方舟美食城店）
-7.46,花呗,2021/10/10,吃饭,包子砂锅（方舟店）
-1.9,花呗,2021/10/10,吃饭,海大将军锅盔（海事校内店）
0.3,微信,2021/10/10,薅羊毛,云扫码 红包
3.92,微信,2021/10/10,薅羊毛,悬赏猫
-0.6,微信,2021/10/11,学习,打印工程管理导论作业（3份、包括李炳学和刘彤的）
0.13,支付宝,2021/10/11,理财,余额宝收益发放
-11.44,花呗,2021/10/11,吃饭,0090炸鸡汉堡（方舟美食城店）
-10.0,花呗,2021/10/11,吃饭,盛京相思面海事店
-3.0,花呗,2021/10/11,饮料,怡宝
0.14,支付宝,2021/10/12,理财,余额宝收益发放
0.06,微信,2021/10/12,理财,零钱通收益发放
-7.46,花呗,2021/10/12,吃饭,包子砂锅（方舟店）
-1.9,花呗,2021/10/12,吃饭,海大将军锅盔（海事校内店）
-8.17,花呗,2021/10/12,吃饭,美味粥铺（海事校内店）
0.12,支付宝,2021/10/13,理财,余额宝收益发放
0.06,微信,2021/10/13,理财,零钱通收益发放
-4.0,花呗,2021/10/13,饮料,茉莉花茶
-9.95,花呗,2021/10/13,吃饭,淮南牛肉汤特色烤鸡腿饭（方舟美食城店）
-12.45,花呗,2021/10/13,吃饭,老妈烫饭铁板炒饭炒饼（方舟美食城店），鸡蛋炒饼，加饼，五仁酱丁，小葱
0.12,支付宝,2021/10/14,理财,余额宝收益发放
0.06,微信,2021/10/14,理财,零钱通收益发放
-9.95,花呗,2021/10/14,吃饭,淮南牛肉汤特色烤鸡腿饭（方舟美食城店）
-13.45,花呗,2021/10/14,吃饭,开心锡纸花甲粉（方舟美食城店）
0.3,微信,2021/10/14,薅羊毛,云扫码 红包
0.12,支付宝,2021/10/15,理财,余额宝收益发放
0.06,微信,2021/10/15,理财,零钱通收益发放
-18.54,花呗,2021/10/15,吃饭,魔方汉堡（海事校内店铺）买一送一(手工牛肉+藤椒)，薯条降价不降量
-7.0,花呗,2021/10/15,吃饭,包子砂锅（方舟店）
-4.0,花呗,2021/10/15,饮料,饮料
-4.8,花呗,2021/10/15,吃饭,美团会员轻享版
0.15,支付宝,2021/10/16,理财,余额宝收益发放
0.05,微信,2021/10/16,理财,零钱通收益发放
-9.95,花呗,2021/10/16,吃饭,淮南牛肉汤特色烤鸡腿饭（方舟美食城店）
-8.17,花呗,2021/10/16,吃饭,美味粥铺（海事校内店）
0.15,支付宝,2021/10/17,理财,余额宝收益发放
0.05,微信,2021/10/17,理财,零钱通收益发放
-11.44,花呗,2021/10/17,吃饭,0090炸鸡汉堡（方舟美食城店）
-10.45,花呗,2021/10/17,吃饭,徐记叉烧饭（方舟美食城店）
0.15,支付宝,2021/10/18,理财,余额宝收益发放
0.05,微信,2021/10/18,理财,零钱通收益发放
-11.44,花呗,2021/10/18,吃饭,0090炸鸡汉堡（方舟美食城店）
-10.45,花呗,2021/10/18,吃饭,一品香蒸菜（方舟美食城店）
-4.5,支付宝,2021/10/18,饮料,阿萨姆奶茶
0.15,支付宝,2021/10/19,理财,余额宝收益发放
0.05,微信,2021/10/19,理财,零钱通收益发放
-12.45,花呗,2021/10/19,吃饭,御香园麻辣烫，苕粉（方舟美食城店）
-10.45,花呗,2021/10/19,吃饭,徐记叉烧饭（方舟美食城店）
-3.0,支付宝,2021/10/19,饮料,怡宝
-10.0,微信,2021/10/19,生活,校园卡充值
0.15,支付宝,2021/10/20,理财,余额宝收益发放
0.06,微信,2021/10/20,理财,零钱通收益发放
-11.44,花呗,2021/10/20,吃饭,0090炸鸡汉堡（方舟美食城店）
-7.95,花呗,2021/10/20,吃饭,美味粥铺（海事校内店）
-10.3,微信,2021/10/20,学习,中远科技优秀个人申请材料打印
0.15,支付宝,2021/10/21,理财,余额宝收益发放
0.06,微信,2021/10/21,理财,零钱通收益发放
-5.9,花呗,2021/10/21,吃饭,海大烤盘饭（海大店）
-3.0,花呗,2021/10/21,饮料,青梅绿茶
-8.0,支付宝,2021/10/21,吃饭,海大四食堂水煮鱼水饺馄饨
0.15,支付宝,2021/10/22,理财,余额宝收益发放
0.06,微信,2021/10/22,理财,零钱通收益发放
-16.45,花呗,2021/10/22,吃饭,味道香鸡公煲（方舟美食城店）
-7.46,花呗,2021/10/22,吃饭,包子砂锅（方舟店）
-2.9,花呗,2021/10/22,吃饭,海大将军锅盔（海事校内店）
-4.0,花呗,2021/10/22,饮料,冰红茶
0.15,支付宝,2021/10/23,理财,余额宝收益发放
0.05,微信,2021/10/23,理财,零钱通收益发放
-12.35,花呗,2021/10/23,吃饭,安徽板面（海事校内店）
-10.45,花呗,2021/10/23,吃饭,徐记叉烧饭（方舟美食城店）
0.15,支付宝,2021/10/24,理财,余额宝收益发放
0.05,微信,2021/10/24,理财,零钱通收益发放
-7.8,花呗,2021/10/24,吃饭,海大烤盘饭（海大店）
-15.17,花呗,2021/10/24,吃饭,美味粥铺（海事校内店）（含7元店铺红包）
0.15,支付宝,2021/10/25,理财,余额宝收益发放
0.05,微信,2021/10/25,理财,零钱通收益发放
-9.45,花呗,2021/10/25,吃饭,安徽板面（海事校内店）
-8.45,花呗,2021/10/25,吃饭,包子砂锅（方舟店）
-2.9,花呗,2021/10/25,吃饭,海大将军锅盔（海事校内店）
-5.0,花呗,2021/10/25,饮料,阿萨姆奶茶
-22.7,花呗,2021/10/25,学习,正版全新现代工程制图及计算机辅助绘图习题集9787111686927
5.0,花呗,2021/10/25,薅羊毛,淘宝签到红包（15天）
0.15,支付宝,2021/10/26,理财,余额宝收益发放
0.06,微信,2021/10/26,理财,零钱通收益发放
-9.95,花呗,2021/10/26,吃饭,淮南牛肉汤特色烤鸡腿饭（方舟美食城店）
-8.17,花呗,2021/10/26,吃饭,美味粥铺（海事校内店）
-3.0,花呗,2021/10/26,饮料,怡宝
-4.0,花呗,2021/10/26,饮料,橙汁
0.15,支付宝,2021/10/27,理财,余额宝收益发放
0.06,微信,2021/10/27,理财,零钱通收益发放
-7.8,花呗,2021/10/27,吃饭,海大烤盘饭（海大店）
-10.45,花呗,2021/10/27,吃饭,安徽板面（海事校内店）
-5.01,花呗,2021/10/27,生活,50卷无芯卷筒纸家用实惠装整箱纸巾批发厂家直销宿舍家庭厕纸手纸——10卷无芯卷纸【5.01限前100名】
3.0,花呗,2021/10/27,薅羊毛,淘宝签到红包
0.15,支付宝,2021/10/28,理财,余额宝收益发放
0.06,微信,2021/10/28,理财,零钱通收益发放
-10.45,花呗,2021/10/28,吃饭,徐记叉烧饭（方舟美食城店）
-10.45,花呗,2021/10/28,吃饭,老妈烫饭铁板炒饭炒饼（方舟美食城店）
0.42,微信,2021/10/28,薅羊毛,拼多多
0.15,支付宝,2021/10/29,理财,余额宝收益发放
0.08,微信,2021/10/29,理财,零钱通收益发放
-8.17,花呗,2021/10/29,吃饭,美味粥铺（海事校内店）
-8.0,花呗,2021/10/29,吃饭,四食堂
-3.0,花呗,2021/10/29,饮料,青梅绿茶
-0.6,微信,2021/10/29,其他,团费（共青团员7-9月）
-3.8,微信,2021/10/29,学习,打印奖学金申请表
-3.2,微信,2021/10/29,朋友,帮李炳学打印奖学金申请表
0.02,微信,2021/10/29,薅羊毛,拼多多
0.15,支付宝,2021/10/30,理财,余额宝收益发放
0.07,微信,2021/10/30,理财,零钱通收益发放
-9.95,花呗,2021/10/30,吃饭,淮南牛肉汤特色烤鸡腿饭（方舟美食城店）
-8.45,花呗,2021/10/30,吃饭,安徽板面（海事校内店）
0.01,微信,2021/10/30,薅羊毛,拼多多
0.15,支付宝,2021/10/31,理财,余额宝收益发放
0.05,微信,2021/10/31,理财,零钱通收益发放
1.5,支付宝,2021/10/31,咸鱼,智能车制作电子书
-9.95,花呗,2021/10/31,吃饭,淮南牛肉汤特色烤鸡腿饭（方舟美食城店）
-14.14,花呗,2021/10/31,吃饭,快味·小份菜（海事校内店）
0.01,微信,2021/10/31,薅羊毛,拼多多
-50.5,微信,2021/10/31,瞎搞,实属不该有的消费，为了拼多多不切实际地提现，浪费这些钱，充值到牛帮，找人助力，当时真傻，深圳佑辰网络技术有限公司
0.15,支付宝,2021/11/01,理财,余额宝收益发放
0.05,微信,2021/11/01,理财,零钱通收益发放
-5.8,花呗,2021/11/01,吃饭,饿了么快味小份菜(海事理工店)外卖订单，含饿了么15元红包
-8.5,花呗,2021/11/01,吃饭,大连海事大学第四餐厅
-3.0,花呗,2021/11/01,饮料,怡宝
-4.0,花呗,2021/11/01,饮料,茉莉花茶
0.01,微信,2021/11/01,薅羊毛,拼多多
0.15,支付宝,2021/11/02,理财,余额宝收益发放
0.05,微信,2021/11/02,理财,零钱通收益发放
-10.75,花呗,2021/11/02,吃饭,海大烤盘饭（海大店）
-9.17,花呗,2021/11/02,吃饭,美味粥铺（海事校内店）
0.06,微信,2021/11/02,薅羊毛,拼多多
-9.0,微信,2021/11/02,生活,校园卡充值
0.15,支付宝,2021/11/03,理财,余额宝收益发放
0.05,微信,2021/11/03,理财,零钱通收益发放
-10.75,花呗,2021/11/03,吃饭,海大烤盘饭（海大店）
-8.45,花呗,2021/11/03,吃饭,包子砂锅（方舟店）
0.06,微信,2021/11/03,薅羊毛,拼多多
-4.0,微信,2021/11/03,瞎搞,深圳佑辰网络技术有限公司
-15.8,花呗,2021/11/03,电子,金属旋转64gu盘定32/16/8G电脑车载高速优盘创意学生多容量，官方标配;32g银色
2.0,花呗,2021/11/03,薅羊毛,淘宝红包（金属旋转64gu盘定32/16/8G电脑车载高速优盘创意学生多容量，官方标配;32g银色）
-1.9,花呗,2021/11/03,生活,（未取）包邮两用十字一字螺丝刀多功能双头改锥磁性梅花平头螺丝批小起子，双用螺丝刀【2寸】
1.3,花呗,2021/11/03,薅羊毛,淘宝红包（包邮两用十字一字螺丝刀多功能双头改锥磁性梅花平头螺丝批小起子，双用螺丝刀【2寸】）
0.15,支付宝,2021/11/04,理财,余额宝收益发放
0.05,微信,2021/11/04,理财,零钱通收益发放
-16.44,花呗,2021/11/04,吃饭,魔方汉堡（海事校内店铺）
-9.45,花呗,2021/11/04,吃饭,安徽板面（海事校内店）
0.07,微信,2021/11/04,薅羊毛,拼多多
-1.0,花呗,2021/11/04,电子,win10专业版激活码windows产品7系统秘钥window永久密匙8正版密钥（win10企业版）
0.15,支付宝,2021/11/05,理财,余额宝收益发放
0.06,微信,2021/11/05,理财,零钱通收益发放
-11.75,花呗,2021/11/05,吃饭,海大烤盘饭（海大店）
-9.45,花呗,2021/11/05,吃饭,老妈烫饭铁板炒饭炒饼（方舟美食城店）
0.05,微信,2021/11/05,薅羊毛,拼多多
-4.5,花呗,2021/11/05,饮料,阿萨姆奶茶
-1.0,花呗,2021/11/05,学习,橡皮
-5.0,微信,2021/11/05,话费,翼支付充值
1.0,微信,2021/11/05,薅羊毛,翼支付话费充值
0.15,支付宝,2021/11/06,理财,余额宝收益发放
0.06,微信,2021/11/06,理财,零钱通收益发放
-11.44,花呗,2021/11/06,吃饭,0090炸鸡汉堡（方舟美食城店）
0.14,微信,2021/11/06,薅羊毛,拼多多
-52.0,微信,2021/11/06,吃饭,长生园聚餐（干锅鸡、红油猪耳、酥肉、娃娃菜）（刘彤、李炳学、黄以杰、田硕硕）（下午田硕硕帮忙拍照，顺便我们就请了他）
0.15,支付宝,2021/11/07,理财,余额宝收益发放
0.05,微信,2021/11/07,理财,零钱通收益发放
-9.95,花呗,2021/11/07,吃饭,淮南牛肉汤特色烤鸡腿饭（方舟美食城店）
-15.3,花呗,2021/11/07,吃饭,味道香鸡公煲（方舟美食城店）
0.1,微信,2021/11/07,薅羊毛,拼多多
15.0,微信,2021/11/07,瞎搞,牛帮任务提现
0.5,微信,2021/11/07,瞎搞,任务提现
52.0,微信,2021/11/07,朋友,刘彤超时未收款，退回来了，长生园聚餐（干锅鸡、红油猪耳、酥肉、娃娃菜）（刘彤、李炳学、黄以杰、田硕硕）（下午田硕硕帮忙拍照，顺便我们就请了他）
0.15,支付宝,2021/11/08,理财,余额宝收益发放
0.05,微信,2021/11/08,理财,零钱通收益发放
-13.48,花呗,2021/11/08,吃饭,御香园麻辣烫，苕粉（方舟美食城店）
-10.0,花呗,2021/11/08,吃饭,中心食堂面
0.13,微信,2021/11/08,薅羊毛,拼多多
0.4,微信,2021/11/08,瞎搞,任务提现
0.15,支付宝,2021/11/09,理财,余额宝收益发放
0.05,微信,2021/11/09,理财,零钱通收益发放
-10.28,花呗,2021/11/09,吃饭,徐记叉烧饭（方舟美食城店）
-11.48,花呗,2021/11/09,吃饭,海大烤盘饭（海大店）
-4.0,花呗,2021/11/09,饮料,茉莉花茶
-7.5,花呗,2021/11/09,利息,晚点还花呗利息
0.13,微信,2021/11/09,薅羊毛,拼多多
-17.0,中国银行,2021/11/09,其他,大连海事大学毕业信息采集：拍照
0.01,支付宝,2021/11/10,理财,余额宝收益发放
0.06,微信,2021/11/10,理财,零钱通收益发放
-14.54,花呗,2021/11/10,吃饭,柳香黄焖鸡米饭（方舟店）
-10.0,花呗,2021/11/10,吃饭,五食堂
1.5,支付宝,2021/11/10,咸鱼,智能车制作电子书
0.08,微信,2021/11/10,薅羊毛,拼多多
1.1,微信,2021/11/10,瞎搞,任务提现
17.13,微信,2021/11/10,瞎搞,云扫码收徒中间变量
-17.13,微信,2021/11/10,瞎搞,投入
19.0,微信,2021/11/10,瞎搞,收入
7.0,微信,2021/11/10,瞎搞,牛帮任务提现
-5.0,微信,2021/11/10,瞎搞,投入
0.01,支付宝,2021/11/11,理财,余额宝收益发放
0.06,微信,2021/11/11,理财,零钱通收益发放
-8.5,花呗,2021/11/11,吃饭,中心食堂
1.5,支付宝,2021/11/11,咸鱼,精通开关电源设计电子书
0.08,微信,2021/11/11,薅羊毛,拼多多
0.01,支付宝,2021/11/12,理财,余额宝收益发放
0.06,微信,2021/11/12,理财,零钱通收益发放
-12.0,花呗,2021/11/12,吃饭,五食堂馋嘴鸡
-10.0,花呗,2021/11/12,吃饭,盘古混沌
-4.0,花呗,2021/11/12,饮料,鲜果橙
0.04,微信,2021/11/12,薅羊毛,拼多多
0.3,微信,2021/11/12,瞎搞,任务提现
0.01,支付宝,2021/11/13,理财,余额宝收益发放
0.06,微信,2021/11/13,理财,零钱通收益发放
-12.0,花呗,2021/11/13,吃饭,摇滚鸡
-13.0,花呗,2021/11/13,吃饭,鱼粉
7.69,微信,2021/11/13,瞎搞,从牛帮提现，不做了
0.04,微信,2021/11/13,薅羊毛,拼多多
-3.0,花呗,2021/11/13,饮料,怡宝
5.0,支付宝,2021/11/13,咸鱼,帮找书
-4.0,花呗,2021/11/13,咸鱼,帮找书
0.01,支付宝,2021/11/14,理财,余额宝收益发放
0.06,微信,2021/11/14,理财,零钱通收益发放
-13.0,花呗,2021/11/14,吃饭,五食堂
-9.1,花呗,2021/11/14,吃饭,五食堂
0.04,微信,2021/11/14,薅羊毛,拼多多
0.01,支付宝,2021/11/15,理财,余额宝收益发放
0.06,微信,2021/11/15,理财,零钱通收益发放
-13.0,花呗,2021/11/15,吃饭,五食堂
-9.0,微信,2021/11/15,吃饭,五食堂
0.04,微信,2021/11/15,薅羊毛,拼多多
1.5,支付宝,2021/11/15,咸鱼,精通开关电源设计电子书
0.01,支付宝,2021/11/16,理财,余额宝收益发放
0.06,微信,2021/11/16,理财,零钱通收益发放
-13.1,花呗,2021/11/16,吃饭,五食堂麻辣拌
-9.0,微信,2021/11/16,吃饭,五食堂
0.04,微信,2021/11/16,薅羊毛,拼多多
1.5,支付宝,2021/11/16,咸鱼,精通开关电源设计电子书
0.01,支付宝,2021/11/17,理财,余额宝收益发放
0.06,微信,2021/11/17,理财,零钱通收益发放
-13.0,花呗,2021/11/17,吃饭,五食堂
-10.0,花呗,2021/11/17,吃饭,五食堂
0.03,微信,2021/11/17,薅羊毛,拼多多
-30.0,微信,2021/11/17,话费,京东话费充值
5.0,微信,2021/11/17,薅羊毛,京东话费充值红包
-4.0,花呗,2021/11/17,饮料,茉莉蜜茶
1.5,支付宝,2021/11/17,咸鱼,精通开关电源设计电子书
0.01,支付宝,2021/11/18,理财,余额宝收益发放
0.06,微信,2021/11/18,理财,零钱通收益发放
-12.0,微信,2021/11/18,吃饭,五食堂
-8.1,花呗,2021/11/18,吃饭,五食堂
1.5,支付宝,2021/11/18,咸鱼,智能车制作
0.01,支付宝,2021/11/19,理财,余额宝收益发放
0.06,微信,2021/11/19,理财,零钱通收益发放
-11.1,花呗,2021/11/19,吃饭,五食堂
-10.1,花呗,2021/11/19,吃饭,五食堂
-99.54,花呗,2021/11/19,wolai,我来会员（一年）
-4.0,花呗,2021/11/19,饮料,鲜果橙
0.03,微信,2021/11/19,薅羊毛,拼多多
0.01,支付宝,2021/11/20,理财,余额宝收益发放
0.06,微信,2021/11/20,理财,零钱通收益发放
0.03,微信,2021/11/20,薅羊毛,拼多多
-11.1,花呗,2021/11/20,吃饭,五食堂
-13.0,花呗,2021/11/20,吃饭,五食堂馋嘴鸡
1.5,支付宝,2021/11/20,咸鱼,智能车制作
0.01,支付宝,2021/11/21,理财,余额宝收益发放
0.06,微信,2021/11/21,理财,零钱通收益发放
0.04,微信,2021/11/21,薅羊毛,拼多多
-10.1,花呗,2021/11/21,吃饭,五食堂
-13.0,花呗,2021/11/21,吃饭,五食堂虾滑
1.5,支付宝,2021/11/21,咸鱼,精通开关电源设计电子书
-4.0,花呗,2021/11/21,饮料,冰糖雪梨
-13.0,花呗,2021/11/22,吃饭,五食堂馋嘴鸡
-13.22,花呗,2021/11/22,吃饭,五食堂麻辣拌
0.01,支付宝,2021/11/22,理财,余额宝收益发放
0.06,微信,2021/11/22,理财,零钱通收益发放
0.05,微信,2021/11/22,薅羊毛,拼多多
-13.0,花呗,2021/11/23,吃饭,五食堂馋嘴鸡
-12.0,微信,2021/11/23,吃饭,李炳学带饭
0.01,支付宝,2021/11/23,理财,余额宝收益发放
0.06,微信,2021/11/23,理财,零钱通收益发放
1.5,支付宝,2021/11/23,咸鱼,智能车制作
1.5,支付宝,2021/11/23,咸鱼,智能车制作
0.15,支付宝,2021/11/24,理财,余额宝收益发放
0.06,微信,2021/11/24,理财,零钱通收益发放
-12.0,微信,2021/11/24,吃饭,李炳学带饭
-10.0,花呗,2021/11/24,吃饭,五食堂
-4.0,花呗,2021/11/24,饮料,茉莉蜜茶
1.5,支付宝,2021/11/24,咸鱼,精通开关电源设计电子书
0.15,支付宝,2021/11/25,理财,余额宝收益发放
0.06,微信,2021/11/25,理财,零钱通收益发放
1.5,支付宝,2021/11/25,咸鱼,智能车制作
-8.0,微信,2021/11/25,吃饭,刘彤带饭
-8.1,微信,2021/11/25,吃饭,李炳学带饭
0.15,支付宝,2021/11/26,理财,余额宝收益发放
0.06,微信,2021/11/26,理财,零钱通收益发放
-0.5,花呗,2021/11/26,购物,淘宝省钱卡
-0.1,花呗,2021/11/26,购物,拼多多省钱卡
-13.0,花呗,2021/11/26,吃饭,五食堂虾滑
-4.0,花呗,2021/11/26,饮料,鲜果橙
-9.1,微信,2021/11/26,吃饭,李炳学带饭
-15.49,农业银行,2021/11/26,咸鱼,智能车制作纸质书
0.16,支付宝,2021/11/27,理财,余额宝收益发放
0.06,微信,2021/11/27,理财,零钱通收益发放
-12.0,花呗,2021/11/27,吃饭,五食堂
-10.1,微信,2021/11/27,吃饭,李炳学带饭
1.5,支付宝,2021/11/27,咸鱼,精通开关电源设计电子书
0.13,微信,2021/11/27,薅羊毛,拼多多
-34.69,农业银行,2021/11/27,学习,正版 SiC/GaN功率半导体封装和可靠性评估技术 芯片封装与书
0.15,支付宝,2021/11/28,理财,余额宝收益发放
0.06,微信,2021/11/28,理财,零钱通收益发放
-4.0,花呗,2021/11/28,饮料,水蜜桃
-10.1,微信,2021/11/28,吃饭,饭
-10.1,微信,2021/11/28,吃饭,饭
-64.0,花呗,2021/11/28,学习,正版 功率半导体封装技术 电子通信 电子工业出版社
5.0,花呗,2021/11/28,薅羊毛,淘宝红包
0.15,支付宝,2021/11/29,理财,余额宝收益发放
0.05,微信,2021/11/29,理财,零钱通收益发放
-4.0,微信,2021/11/29,饮料,茉莉蜜茶
-10.1,微信,2021/11/29,吃饭,饭
-10.1,微信,2021/11/29,吃饭,饭
0.14,微信,2021/11/29,薅羊毛,拼多多
-16.0,花呗,2021/11/29,咸鱼,精通开关电源设计纸质书
-16.5,花呗,2021/11/29,咸鱼,精通开关电源设计纸质书
0.15,支付宝,2021/11/30,理财,余额宝收益发放
0.05,微信,2021/11/30,理财,零钱通收益发放
-10.1,微信,2021/11/30,吃饭,饭
-13.0,微信,2021/11/30,吃饭,饭
0.11,微信,2021/11/30,薅羊毛,拼多多
0.15,支付宝,2021/12/01,理财,余额宝收益发放
0.12,微信,2021/12/01,薅羊毛,拼多多
-9.8,微信,2021/12/01,学习,打印船舶电站课程论文（包括李炳学、刘彤的）
-3.0,花呗,2021/12/01,饮料,怡宝
-10.2,花呗,2021/12/01,吃饭,饭
-9.0,花呗,2021/12/01,吃饭,饭
19.5,支付宝,2021/12/01,咸鱼,精通开关电源设计纸质书
1.5,支付宝,2021/12/01,咸鱼,智能车制作
8.11,支付宝,2021/12/01,薅羊毛,支付宝理财红包
0.39,支付宝,2021/12/02,理财,余额宝收益发放
0.1,微信,2021/12/02,薅羊毛,拼多多
0.05,微信,2021/12/02,理财,零钱通收益发放
-6.01,花呗,2021/12/02,生活,卫生纸卷纸家用纸巾酒店宾馆无芯厕纸手纸家庭装印花原生小卷筒纸 10卷
0.18,花呗,2021/12/02,薅羊毛,淘宝淘金币
5.0,花呗,2021/12/02,薅羊毛,淘宝红包
-9.8,支付宝,2021/12/02,生活,【便宜清9.8元一套】螺丝刀套装改锥十字螺丝刀
-9.0,微信,2021/12/02,吃饭,饭
-12.0,花呗,2021/12/02,吃饭,馋嘴鸡
4.18,花呗,2021/12/02,薅羊毛,支付宝红包（不知道拿来的）
19.5,支付宝,2021/12/02,咸鱼,智能车制作纸质版
1.5,支付宝,2021/12/02,咸鱼,智能车制作
0.39,支付宝,2021/12/03,理财,余额宝收益发放
0.1,微信,2021/12/03,薅羊毛,拼多多
0.05,微信,2021/12/03,理财,零钱通收益发放
-10.1,花呗,2021/12/03,吃饭,饭
-12.0,花呗,2021/12/03,吃饭,饭
0.39,支付宝,2021/12/04,理财,余额宝收益发放
0.11,微信,2021/12/04,薅羊毛,拼多多
0.03,微信,2021/12/04,理财,零钱通收益发放
-20.0,微信,2021/12/04,吃饭,饭
1.5,支付宝,2021/12/04,咸鱼,智能车制作
0.05,支付宝,2021/12/04,薅羊毛,支付宝理财红包
0.39,支付宝,2021/12/05,理财,余额宝收益发放
-26.0,花呗,2021/12/05,吃饭,饭
-4.0,花呗,2021/12/05,饮料,水
0.39,支付宝,2021/12/06,理财,余额宝收益发放
-10.1,花呗,2021/12/06,吃饭,饭
-9.66,花呗,2021/12/06,吃饭,外卖
1.5,支付宝,2021/12/06,咸鱼,智能车制作
-9.0,微信,2021/12/07,学习,打印电气大型专题设计报告（包括孙明宇）
0.4,支付宝,2021/12/07,理财,余额宝收益发放
0.11,微信,2021/12/07,薅羊毛,拼多多
-8.4,花呗,2021/12/07,吃饭,外卖
-13.5,花呗,2021/12/07,吃饭,外卖
-4.0,花呗,2021/12/07,饮料,茉莉蜜茶
1.5,支付宝,2021/12/07,咸鱼,精通开关电源设计
0.54,支付宝,2021/12/08,理财,余额宝收益发放
0.14,微信,2021/12/08,薅羊毛,拼多多
-9.9,花呗,2021/12/08,吃饭,外卖
-12.7,花呗,2021/12/08,吃饭,外卖
0.02,微信,2021/12/08,理财,零钱通收益发放
1.2,微信,2021/12/08,薅羊毛,云扫码 红包
0.47,支付宝,2021/12/09,理财,余额宝收益发放
0.13,微信,2021/12/09,薅羊毛,拼多多
0.02,微信,2021/12/09,理财,零钱通收益发放
-14.3,花呗,2021/12/09,吃饭,外卖
-10.39,花呗,2021/12/09,吃饭,外卖
-4.0,花呗,2021/12/09,饮料,水
4.0,支付宝,2021/12/09,薅羊毛,短信：抖音关注。特邀：由于您每天观看抖音，可以来帮抖音点赞上粉，两小时75到360左右，點：vr02w.xyz
19.5,支付宝,2021/12/09,咸鱼,精通开关电源设计 第2版
1.5,支付宝,2021/12/09,咸鱼,精通开关电源设计
0.48,支付宝,2021/12/10,理财,余额宝收益发放
0.06,微信,2021/12/10,薅羊毛,拼多多
0.13,微信,2021/12/10,理财,零钱通收益发放
-10.5,花呗,2021/12/10,吃饭,海香阁餐厅11号
-5.0,花呗,2021/12/10,饮料,阿萨姆奶茶
-15.0,花呗,2021/12/10,吃饭,招牌鸭血粉丝汤
1.5,支付宝,2021/12/10,咸鱼,精通开关电源设计
-590.0,微信,2021/12/11,交通,2021-12-25大连到菏泽的机票
0.14,微信,2021/12/11,理财,零钱通收益发放
0.51,支付宝,2021/12/11,理财,余额宝收益发放
-11.65,花呗,2021/12/11,吃饭,海大烤盘饭（鸡蛋火腿烤盘）
-11.49,花呗,2021/12/11,吃饭,炸串拌饭
-4.0,花呗,2021/12/11,饮料,饮料
0.05,微信,2021/12/12,薅羊毛,拼多多
0.11,微信,2021/12/12,理财,零钱通收益发放
0.48,支付宝,2021/12/12,理财,余额宝收益发放
-11.34,花呗,2021/12/12,吃饭,炸鸡汉堡
-8.34,花呗,2021/12/12,吃饭,盘古混沌（鲜肉玉米混沌加量）
1.5,支付宝,2021/12/12,咸鱼,精通开关电源设计
0.08,微信,2021/12/13,薅羊毛,拼多多
0.1,微信,2021/12/13,理财,零钱通收益发放
0.48,支付宝,2021/12/13,理财,余额宝收益发放
-11.64,花呗,2021/12/13,吃饭,海大烤盘饭（鸡柳豆角双拼烤盘）
-8.34,花呗,2021/12/13,吃饭,千叶豆腐砂锅
-4.4,花呗,2021/12/13,吃饭,梅菜扣肉锅盔
0.05,微信,2021/12/14,薅羊毛,拼多多
0.14,微信,2021/12/14,理财,零钱通收益发放
0.55,支付宝,2021/12/14,理财,余额宝收益发放
-4.0,花呗,2021/12/14,饮料,饮料
-5.0,花呗,2021/12/14,生活,“猫王”抽纸
-10.64,花呗,2021/12/14,吃饭,海大烤盘饭（千叶豆腐头菜烤盘）
-8.34,花呗,2021/12/14,吃饭,盘古混沌（鲜肉混沌）
0.05,微信,2021/12/15,薅羊毛,拼多多
0.12,微信,2021/12/15,理财,零钱通收益发放
0.48,支付宝,2021/12/15,理财,余额宝收益发放
-9.34,花呗,2021/12/15,吃饭,鸡肉叉烧饭
-15.47,花呗,2021/12/15,吃饭,美味粥铺（牛肉大葱水饺+猪肉肉夹馍）
1.5,支付宝,2021/12/15,咸鱼,精通开关电源设计
0.05,微信,2021/12/16,薅羊毛,拼多多
0.16,微信,2021/12/16,理财,零钱通收益发放
0.48,支付宝,2021/12/16,理财,余额宝收益发放
-11.64,花呗,2021/12/16,吃饭,海大烤盘饭（骨肉相连土豆双拼烤盘）
-69.0,微信,2021/12/16,吃饭,刘彤、李炳学、黄以杰在外面吃饭（串串香）
0.1,微信,2021/12/17,薅羊毛,拼多多
-359.0,微信,2021/12/17,电子,笔记本电脑内存条（16GB）
0.11,微信,2021/12/17,理财,零钱通收益发放
0.48,支付宝,2021/12/17,理财,余额宝收益发放
-9.0,花呗,2021/12/17,吃饭,中心餐厅一楼7号
-11.18,花呗,2021/12/17,吃饭,美味粥铺
69.0,微信,2021/12/17,朋友,李炳学超时未收款，退回来了，刘彤、李炳学、黄以杰在外面吃饭（串串香）
0.05,微信,2021/12/18,薅羊毛,拼多多
0.11,微信,2021/12/18,理财,零钱通收益发放
0.48,支付宝,2021/12/18,理财,余额宝收益发放
-11.73,花呗,2021/12/18,吃饭,海大烤盘饭（骨肉相连土豆双拼烤盘）
-13.22,花呗,2021/12/18,吃饭,美味粥铺（纯肉混沌+猪肉肉夹馍）
0.13,微信,2021/12/19,薅羊毛,拼多多
-5.0,微信,2021/12/19,洗衣,洗衣
0.08,微信,2021/12/19,理财,零钱通收益发放
0.48,支付宝,2021/12/19,理财,余额宝收益发放
-14.43,支付宝,2021/12/19,吃饭,麻辣诱惑小炒鸡
-10.0,支付宝,2021/12/19,吃饭,混沌
-4.0,支付宝,2021/12/19,饮料,饮料
0.1,微信,2021/12/20,薅羊毛,拼多多
-14.0,微信,2021/12/20,吃饭,五食堂牛肉汤
0.08,微信,2021/12/20,理财,零钱通收益发放
0.48,支付宝,2021/12/20,理财,余额宝收益发放
-9.94,支付宝,2021/12/20,吃饭,外卖
0.37,中国银行,2021/12/20,理财,中国银行利息
0.09,微信,2021/12/21,理财,零钱通收益发放
0.36,支付宝,2021/12/21,理财,余额宝收益发放
-10.0,花呗,2021/12/21,吃饭,鸡蛋炒饼
0.03,邮政储蓄,2021/12/21,理财,邮政储蓄银行利息
-11.8,花呗,2021/12/21,吃饭,海大烤盘饭（鸡柳豆角双拼烤盘）
-4.0,花呗,2021/12/21,饮料,饮料
0.08,微信,2021/12/22,理财,零钱通收益发放
0.36,支付宝,2021/12/22,理财,余额宝收益发放
-8.0,花呗,2021/12/22,吃饭,黑椒肉柳饭
-25.0,花呗,2021/12/22,理发,不老美店
-10.0,花呗,2021/12/22,吃饭,混沌
-6.0,花呗,2021/12/22,吃饭,山东杂粮煎饼
-60.0,微信,2021/12/23,生活,邮寄行李
-3.0,微信,2021/12/23,生活,邮寄行李时的袋子
0.08,微信,2021/12/23,理财,零钱通收益发放
0.45,支付宝,2021/12/23,理财,余额宝收益发放
-15.5,花呗,2021/12/23,吃饭,满口香卤肉排骨米饭
-10.78,花呗,2021/12/23,吃饭,美味粥铺
0.08,微信,2021/12/24,理财,零钱通收益发放
0.36,支付宝,2021/12/24,理财,余额宝收益发放
-11.5,花呗,2021/12/24,吃饭,中心餐厅一楼6号
-3.0,花呗,2021/12/24,生活,邮寄行李时的袋子
-14.44,花呗,2021/12/24,吃饭,盘古混沌（鲜肉混沌加量）
-10.0,微信,2021/12/24,话费,翼支付充值
5.0,微信,2021/12/24,薅羊毛,翼支付话费充值
-60.0,微信,2021/12/25,生活,邮寄行李
-15.0,微信,2021/12/25,交通,回家时学校到机场出租车费用（和许俊杰一块回去的）
-3.0,微信,2021/12/25,交通,菏泽汽车站到郓城公交车
0.08,微信,2021/12/25,理财,零钱通收益发放
0.36,支付宝,2021/12/25,理财,余额宝收益发放
-7.5,花呗,2021/12/25,吃饭,海事五餐厅二号2
0.07,微信,2021/12/26,理财,零钱通收益发放
0.36,支付宝,2021/12/26,理财,余额宝收益发放
0.07,微信,2021/12/27,理财,零钱通收益发放
0.35,支付宝,2021/12/27,理财,余额宝收益发放
0.36,支付宝,2021/12/28,理财,余额宝收益发放
0.07,微信,2021/12/28,理财,零钱通收益发放
-4.15,花呗,2021/12/28,家庭,一次性手套食品级加厚塑料薄膜透明餐饮商用厨房龙虾美发家用防护 均码;【特厚款】100只1袋
4.0,花呗,2021/12/28,薅羊毛,淘宝红包：一次性手套食品级加厚塑料薄膜透明餐饮商用厨房龙虾美发家用防护 均码;【特厚款】100只1袋
0.37,支付宝,2021/12/29,理财,余额宝收益发放
0.07,微信,2021/12/29,理财,零钱通收益发放
19.5,支付宝,2021/12/29,咸鱼,精通开关电源设计
0.41,支付宝,2021/12/30,理财,余额宝收益发放
0.08,微信,2021/12/30,理财,零钱通收益发放
-15.84,花呗,2021/12/30,咸鱼,精通开关电源设计
0.38,支付宝,2021/12/31,理财,余额宝收益发放
0.08,微信,2021/12/31,理财,零钱通收益发放
1.5,支付宝,2021/12/31,咸鱼,精通开关电源设计
0.06,微信,2022/01/01,薅羊毛,拼多多
0.08,微信,2022/01/01,理财,零钱通收益发放
0.49,支付宝,2022/01/01,理财,余额宝收益发放
-5.6,花呗,2022/01/01,家庭,10双高档合金筷家用筷子筷子防滑不发霉耐高温不变形酒店餐具套装，10双装金福
3.16,花呗,2022/01/01,薅羊毛,淘宝红包：10双高档合金筷家用筷子筷子防滑不发霉耐高温不变形酒店餐具套装，10双装金福
0.08,微信,2022/01/02,理财,零钱通收益发放
0.37,支付宝,2022/01/02,理财,余额宝收益发放
0.08,微信,2022/01/03,理财,零钱通收益发放
0.37,支付宝,2022/01/03,理财,余额宝收益发放
1.5,支付宝,2022/01/03,咸鱼,精通开关电源设计
0.08,微信,2022/01/04,理财,零钱通收益发放
0.37,支付宝,2022/01/04,理财,余额宝收益发放
0.08,微信,2022/01/05,理财,零钱通收益发放
0.37,支付宝,2022/01/05,理财,余额宝收益发放
3.06,支付宝,2022/01/05,理财,安增益31天
0.09,微信,2022/01/06,薅羊毛,拼多多
0.08,微信,2022/01/06,理财,零钱通收益发放
0.36,支付宝,2022/01/06,理财,余额宝收益发放
1.5,支付宝,2022/01/06,咸鱼,精通开关电源设计
-6.8,花呗,2022/01/06,家庭,a4文件夹多层学生用透明插页试卷整理神器初中高中生书夹子分类试卷夹卷子孕检产检资料册收纳袋风琴包大容量 简约款【8层1个装】A4（单个可装180张）
1.0,花呗,2022/01/06,薅羊毛,淘宝店铺：懿仝办公专营店，首单礼金
0.54,花呗,2022/01/06,薅羊毛,淘宝店铺：懿仝办公专营店，店铺优惠
3.16,花呗,2022/01/06,薅羊毛,淘宝红包：a4文件夹多层学生用透明插页试卷整理神器初中高中生书夹子分类试卷夹卷子孕检产检资料册收纳袋风琴包大容量 简约款【8层1个装】A4（单个可装180张）
0.08,微信,2022/01/07,理财,零钱通收益发放
0.41,支付宝,2022/01/07,理财,余额宝收益发放
-3.18,花呗,2022/01/07,家庭,得力双面胶 学生用高粘度薄款手工棉纸两面强力透明不留痕胶带布 宽0.9cm（4卷装）
3.16,花呗,2022/01/07,薅羊毛,淘宝红包：得力双面胶 学生用高粘度薄款手工棉纸两面强力透明不留痕胶带布 宽0.9cm（4卷装）
0.08,微信,2022/01/08,理财,零钱通收益发放
0.41,支付宝,2022/01/08,理财,余额宝收益发放
1.5,支付宝,2022/01/08,咸鱼,精通开关电源设计
1.5,支付宝,2022/01/08,咸鱼,精通开关电源设计
-4.2,花呗,2022/01/08,家庭,清让文具荧光笔标记笔学生用学习记号笔彩色重点轮廓笔记背书神器 清让浅色荧光笔[3支装（无包装）]
0.12,花呗,2022/01/08,薅羊毛,淘金币抵扣：清让文具荧光笔标记笔学生用学习记号笔彩色重点轮廓笔记背书神器 清让浅色荧光笔[3支装（无包装）]
3.16,花呗,2022/01/08,薅羊毛,淘宝红包：清让文具荧光笔标记笔学生用学习记号笔彩色重点轮廓笔记背书神器 清让浅色荧光笔[3支装（无包装）]
0.1,微信,2022/01/09,薅羊毛,拼多多
0.07,微信,2022/01/09,理财,零钱通收益发放
0.41,支付宝,2022/01/09,理财,余额宝收益发放
-10.0,花呗,2022/01/09,家庭,打印资料网上打印数码激光彩色复印装订资料文件图文快印店服务 白色(黄春娇的题目)
3.0,花呗,2022/01/09,薅羊毛,淘宝红包：打印资料网上打印数码激光彩色复印装订资料文件图文快印店服务 白色(黄春娇的题目)
-3.7,花呗,2022/01/09,家庭,韩版笔袋男初高中生简约超大容量创意双层文具盒女生拉链帆布笔袋【单个装】樱花粉
2.8,花呗,2022/01/09,薅羊毛,淘宝红包：韩版笔袋男初高中生简约超大容量创意双层文具盒女生拉链帆布笔袋【单个装】樱花粉
-3.01,花呗,2022/01/09,家庭,2大卷无芯卷纸家用实惠装卫生纸巾卷筒纸擦手纸厕所厕纸整箱批发
2.8,花呗,2022/01/09,薅羊毛,淘宝红包：2大卷无芯卷纸家用实惠装卫生纸巾卷筒纸擦手纸厕所厕纸整箱批发
2.18,支付宝,2022/01/09,薅羊毛,支付宝投资理财【钱管家】红包奖励发放
0.41,支付宝,2022/01/10,理财,余额宝收益发放
1.58,支付宝,2022/01/10,薅羊毛,支付宝投资理财【钱管家】红包奖励发放
1.5,支付宝,2022/01/10,咸鱼,精通开关电源设计
0.44,支付宝,2022/01/11,理财,余额宝收益发放
0.09,微信,2022/01/12,理财,零钱通收益发放
0.47,支付宝,2022/01/12,理财,余额宝收益发放
0.19,微信,2022/01/13,理财,零钱通收益发放
0.47,支付宝,2022/01/13,理财,余额宝收益发放
1.5,支付宝,2022/01/13,咸鱼,精通开关电源设计
0.16,微信,2022/01/14,理财,零钱通收益发放
0.46,支付宝,2022/01/14,理财,余额宝收益发放
1.5,支付宝,2022/01/14,咸鱼,精通开关电源设计
1.5,支付宝,2022/01/14,咸鱼,Linux程序设计
1.5,支付宝,2022/01/14,咸鱼,智能车制作
0.05,微信,2022/01/15,薅羊毛,拼多多
0.13,微信,2022/01/15,理财,零钱通收益发放
0.46,支付宝,2022/01/15,理财,余额宝收益发放
0.1,微信,2022/01/16,理财,零钱通收益发放
0.46,支付宝,2022/01/16,理财,余额宝收益发放
-8.5,花呗,2022/01/16,家庭,傅雷家书 钢铁是怎样炼成 初中生八年级人教版指定青少年课外书籍：傅雷家书解析版
4.0,花呗,2022/01/16,薅羊毛,拼多多红包：傅雷家书 钢铁是怎样炼成 初中生八年级人教版指定青少年课外书籍：傅雷家书解析版
-6.8,花呗,2022/01/16,家庭,2片装书立架L型立式简约大号书夹书靠书挡板隔板桌面收纳创意ins风高中生分类收纳卡通无印风时尚卡通铁书架 L型/四叶草镂空【粉2片】
1.0,花呗,2022/01/16,薅羊毛,淘宝店铺：美销宝创优闪购专卖店，首单礼金
2.24,花呗,2022/01/16,薅羊毛,淘宝红包：2片装书立架L型立式简约大号书夹书靠书挡板隔板桌面收纳创意ins风高中生分类收纳卡通无印风时尚卡通铁书架 L型/四叶草镂空【粉2片】
0.11,微信,2022/01/17,薅羊毛,拼多多
0.1,微信,2022/01/17,理财,零钱通收益发放
0.46,支付宝,2022/01/17,理财,余额宝收益发放
0.13,微信,2022/01/18,理财,零钱通收益发放
0.47,支付宝,2022/01/18,理财,余额宝收益发放
-24.4,花呗,2022/01/18,家庭,教材帮，八年级下册，物理-教科版
5.0,花呗,2022/01/18,薅羊毛,5元店铺无门槛券：瑞泰图书专营店
0.14,微信,2022/01/19,薅羊毛,拼多多
0.47,支付宝,2022/01/19,理财,余额宝收益发放
-23.4,花呗,2022/01/19,家庭,教材帮，八年级下册，数学-北师版
5.0,花呗,2022/01/19,薅羊毛,5元店铺无门槛券：瑞泰图书专营店
-10.0,花呗,2022/01/19,话费,手机充值
0.66,花呗,2022/01/19,薅羊毛,手机充值红包
0.14,微信,2022/01/20,薅羊毛,拼多多
0.13,微信,2022/01/20,理财,零钱通收益发放
0.47,支付宝,2022/01/20,理财,余额宝收益发放
0.11,微信,2022/01/21,理财,零钱通收益发放
0.46,支付宝,2022/01/21,理财,余额宝收益发放
0.11,微信,2022/01/22,理财,零钱通收益发放
0.5,支付宝,2022/01/22,理财,余额宝收益发放
0.05,支付宝,2022/01/22,薅羊毛,余额宝红包奖励发放
0.13,微信,2022/01/23,薅羊毛,拼多多
0.1,微信,2022/01/23,理财,零钱通收益发放
0.45,支付宝,2022/01/23,理财,余额宝收益发放
-20.0,花呗,2022/01/23,家庭,给妈妈充话费
-5.0,花呗,2022/01/23,家庭,家里充电费
2.01,花呗,2022/01/23,薅羊毛,充电费红包
0.11,微信,2022/01/24,薅羊毛,拼多多
0.1,微信,2022/01/24,理财,零钱通收益发放
0.45,支付宝,2022/01/24,理财,余额宝收益发放
0.09,微信,2022/01/25,理财,零钱通收益发放
0.45,支付宝,2022/01/25,理财,余额宝收益发放
0.24,QQ,2022/01/25,新年红包,QQ活动红包
0.48,支付宝,2022/01/26,理财,余额宝收益发放
0.09,微信,2022/01/26,理财,零钱通收益发放
-9.9,支付宝,2022/01/26,家庭,年货零食大礼包休闲小吃肉类食品整箱宿舍耐吃的小零食辣条混合装 30包零食（鱼仔+素肉+辣条）【限量抢！】
1.0,支付宝,2022/01/26,薅羊毛,首单礼金（醒小妹食品专营店）：年货零食大礼包休闲小吃肉类食品整箱宿舍耐吃的小零食辣条混合装 30包零食（鱼仔+素肉+辣条）【限量抢！】
2.24,支付宝,2022/01/26,薅羊毛,淘宝红包：年货零食大礼包休闲小吃肉类食品整箱宿舍耐吃的小零食辣条混合装 30包零食（鱼仔+素肉+辣条）【限量抢！】
1.08,支付宝,2022/01/26,薅羊毛,支付宝小荷包红包：年货零食大礼包休闲小吃肉类食品整箱宿舍耐吃的小零食辣条混合装 30包零食（鱼仔+素肉+辣条）【限量抢！】
0.01,支付宝,2022/01/26,理财,余额宝红包奖励发放
0.45,支付宝,2022/01/27,理财,余额宝收益发放
0.09,微信,2022/01/27,理财,零钱通收益发放
1.5,支付宝,2022/01/27,咸鱼,精通开关电源设计
0.45,支付宝,2022/01/28,理财,余额宝收益发放
0.1,微信,2022/01/28,理财,零钱通收益发放
-0.01,花呗,2022/01/28,吃饭,超级吃货卡订单：1500000058637777204
0.39,支付宝,2022/01/29,理财,余额宝收益发放
0.11,微信,2022/01/29,理财,零钱通收益发放
0.38,支付宝,2022/01/30,理财,余额宝收益发放
0.1,微信,2022/01/30,理财,零钱通收益发放
0.38,支付宝,2022/01/31,理财,余额宝收益发放
0.1,微信,2022/01/31,理财,零钱通收益发放
7.58,微信,2022/01/31,新年红包,陈材的微信红包（过年发红包）
0.38,支付宝,2022/02/01,理财,余额宝收益发放
2.28,支付宝,2022/02/01,新年红包,支付宝新年红包
0.1,微信,2022/02/01,理财,零钱通收益发放
0.38,支付宝,2022/02/02,理财,余额宝收益发放
0.1,微信,2022/02/02,理财,零钱通收益发放
0.38,支付宝,2022/02/03,理财,余额宝收益发放
0.1,微信,2022/02/03,理财,零钱通收益发放
-9.0,微信,2022/02/03,交通,去，年，走亲戚，去外婆家，我、妈、妹坐车车票钱
0.38,支付宝,2022/02/04,理财,余额宝收益发放
0.09,微信,2022/02/04,理财,零钱通收益发放
-0.1,微信,2022/02/04,家庭,她他服饰连锁
-2.0,微信,2022/02/04,家庭,在郓城交通车站（交通枢纽）等车时，在自动售货机上买的卫龙辣条
-9.0,微信,2022/02/04,交通,回，年，走亲戚，去外婆家，我、妈、妹坐车车票钱
-9.9,花呗,2022/02/04,家庭,特价清仓超值文具福盒笔记本子按动笔手帐本福袋套装开学文具礼包
3.0,花呗,2022/02/04,薅羊毛,拼多多红包：特价清仓超值文具福盒笔记本子按动笔手帐本福袋套装开学文具礼包
0.38,支付宝,2022/02/05,理财,余额宝收益发放
0.09,微信,2022/02/05,理财,零钱通收益发放
0.38,支付宝,2022/02/06,理财,余额宝收益发放
0.09,微信,2022/02/06,理财,零钱通收益发放
0.38,支付宝,2022/02/07,理财,余额宝收益发放
0.09,微信,2022/02/07,理财,零钱通收益发放
0.39,支付宝,2022/02/08,理财,余额宝收益发放
0.09,微信,2022/02/08,理财,零钱通收益发放
0.39,支付宝,2022/02/09,理财,余额宝收益发放
0.09,微信,2022/02/09,理财,零钱通收益发放
0.39,支付宝,2022/02/10,理财,余额宝收益发放
0.09,微信,2022/02/10,理财,零钱通收益发放
0.08,微信,2022/02/10,薅羊毛,拼多多
2.9,支付宝,2022/02/10,理财,红包奖励发放
1.5,支付宝,2022/02/10,咸鱼,精通开关电源设计
0.39,支付宝,2022/02/11,理财,余额宝收益发放
0.09,微信,2022/02/11,理财,零钱通收益发放
-10.0,花呗,2022/02/11,话费,话费
0.06,花呗,2022/02/11,薅羊毛,支付宝充话费红包
0.42,支付宝,2022/02/12,理财,余额宝收益发放
0.09,微信,2022/02/12,理财,零钱通收益发放
0.42,支付宝,2022/02/13,理财,余额宝收益发放
0.09,微信,2022/02/13,理财,零钱通收益发放
0.42,支付宝,2022/02/14,理财,余额宝收益发放
0.09,微信,2022/02/14,理财,零钱通收益发放
0.42,支付宝,2022/02/15,理财,余额宝收益发放
0.09,微信,2022/02/15,理财,零钱通收益发放
0.42,支付宝,2022/02/16,理财,余额宝收益发放
0.08,微信,2022/02/16,理财,零钱通收益发放
0.41,支付宝,2022/02/17,理财,余额宝收益发放
0.09,微信,2022/02/17,理财,零钱通收益发放
0.12,微信,2022/02/17,薅羊毛,拼多多
0.42,支付宝,2022/02/18,理财,余额宝收益发放
0.09,微信,2022/02/18,理财,零钱通收益发放
0.41,支付宝,2022/02/19,理财,余额宝收益发放
0.08,微信,2022/02/19,理财,零钱通收益发放
0.41,支付宝,2022/02/20,理财,余额宝收益发放
0.09,微信,2022/02/20,理财,零钱通收益发放
3.0,微信,2022/02/20,薅羊毛,快手极速版红包提现
0.41,支付宝,2022/02/21,理财,余额宝收益发放
0.09,微信,2022/02/21,理财,零钱通收益发放
1.0,支付宝,2022/02/21,薅羊毛,支付宝小荷包优惠
0.09,微信,2022/02/22,理财,零钱通收益发放
0.4,支付宝,2022/02/22,理财,余额宝收益发放
0.09,微信,2022/02/23,理财,零钱通收益发放
0.4,支付宝,2022/02/23,理财,余额宝收益发放
0.09,微信,2022/02/24,理财,零钱通收益发放
0.41,支付宝,2022/02/24,理财,余额宝收益发放
0.09,微信,2022/02/25,理财,零钱通收益发放
0.4,支付宝,2022/02/25,理财,余额宝收益发放
0.1,微信,2022/02/26,理财,零钱通收益发放
0.4,支付宝,2022/02/26,理财,余额宝收益发放
0.2,支付宝,2022/02/26,薅羊毛,淘宝（中国）软件有限公司 2022-02-26 03:38:20
0.14,微信,2022/02/26,薅羊毛,拼多多
0.09,微信,2022/02/27,理财,零钱通收益发放
0.4,支付宝,2022/02/27,理财,余额宝收益发放
-15.8,花呗,2022/02/27,电子,Dell戴尔鼠标有线笔记超级本台式一体机电脑办公家用鼠标USB滑鼠 戴尔静音【不含鼠标垫】;官方标配 https://ur.alipay.com/7BnF9T
5.47,花呗,2022/02/27,薅羊毛,淘宝红包(5) + 淘金币(0.47)：Dell戴尔鼠标有线笔记超级本台式一体机电脑办公家用鼠标USB滑鼠 戴尔静音【不含鼠标垫】;官方标配 https://ur.alipay.com/7BnF9T
-50.0,支付宝,2022/02/27,话费,仁创话费充值专营店   辽宁大连电信特惠充值话费50元 1小时内到账
0.7,支付宝,2022/02/27,薅羊毛,仁创话费充值专营店减免   辽宁大连电信特惠充值话费50元 1小时内到账
0.12,微信,2022/02/27,薅羊毛,拼多多
0.09,微信,2022/02/28,理财,零钱通收益发放
0.4,支付宝,2022/02/28,理财,余额宝收益发放
1.5,支付宝,2022/02/28,咸鱼,精通开关电源设计 第2版 2022-02-28 23:15:39
0.09,微信,2022/03/01,理财,零钱通收益发放
0.4,支付宝,2022/03/01,理财,余额宝收益发放
0.1,微信,2022/03/01,薅羊毛,拼多多
0.1,微信,2022/03/02,理财,零钱通收益发放
0.41,支付宝,2022/03/02,理财,余额宝收益发放
19.5,支付宝,2022/03/02,咸鱼,包邮 智能车制作 王盼宝 主编 电子电路专业科技
-12.6,花呗,2022/03/02,咸鱼,智能车制作
0.1,微信,2022/03/02,薅羊毛,拼多多
0.09,微信,2022/03/03,理财,零钱通收益发放
0.4,支付宝,2022/03/03,理财,余额宝收益发放
0.11,微信,2022/03/03,薅羊毛,拼多多
0.09,微信,2022/03/04,理财,零钱通收益发放
0.42,支付宝,2022/03/04,理财,余额宝收益发放
1.5,支付宝,2022/03/04,咸鱼,精通开关电源设计 第2版 2022-03-04 18:04:18
0.12,微信,2022/03/04,薅羊毛,拼多多
0.09,微信,2022/03/05,理财,零钱通收益发放
0.41,支付宝,2022/03/05,理财,余额宝收益发放
19.5,支付宝,2022/03/05,咸鱼,精通开关电源设计 第2版
-14.8,花呗,2022/03/05,咸鱼,精通开关电源设计 第2版
0.17,微信,2022/03/05,薅羊毛,拼多多
0.09,微信,2022/03/06,理财,零钱通收益发放
0.41,支付宝,2022/03/06,理财,余额宝收益发放
0.11,微信,2022/03/06,薅羊毛,拼多多
0.09,微信,2022/03/07,理财,零钱通收益发放
0.41,支付宝,2022/03/07,理财,余额宝收益发放
-19.8,花呗,2022/03/07,家庭,2021-2022年金榜题名/中考满分作文大全新版全国5年中学生获奖优秀满分作文大全初中生作文选作文素材书语文作文大全 中考满分作文专辑
3.0,花呗,2022/03/07,薅羊毛,淘宝红包：2021-2022年金榜题名/中考满分作文大全新版全国5年中学生获奖优秀满分作文大全初中生作文选作文素材书语文作文大全 中考满分作文专辑
3.0,花呗,2022/03/07,薅羊毛,首单礼金：融鼎图书专营店 2021-2022年金榜题名/中考满分作文大全新版全国5年中学生获奖优秀满分作文大全初中生作文选作文素材书语文作文大全 中考满分作文专辑
1.5,支付宝,2022/03/07,咸鱼,精通开关电源设计 第2版 2022-03-07 23:55:36
0.32,微信,2022/03/07,薅羊毛,拼多多
0.1,微信,2022/03/08,理财,零钱通收益发放
0.41,支付宝,2022/03/08,理财,余额宝收益发放
32.0,支付宝,2022/03/08,瞎搞,QQ上有一个人加好友，拉我进群，说做抖音点赞任务可以赚钱，我就试了几个，后来又说银行卡转钱，我就不参加了，白薅了这些羊毛，类似这种：https://zhuanlan.zhihu.com/p/386091460
-5.0,花呗,2022/03/08,瞎搞,有一项爱心捐赠的任务，支付宝捐赠5元返9.8元（已经返了）。QQ上有一个人加好友，拉我进群，说做抖音点赞任务可以赚钱，我就试了几个，后来又说银行卡转钱，我就不参加了，白薅了这些羊毛，类似这种：https://zhuanlan.zhihu.com/p/386091460
0.11,微信,2022/03/08,薅羊毛,拼多多
0.09,微信,2022/03/09,理财,零钱通收益发放
0.41,支付宝,2022/03/09,理财,余额宝收益发放
-15.0,花呗,2022/03/09,理发,五界家西：扫收钱码付款-给*兆丰（自己走着去的）
0.25,花呗,2022/03/09,薅羊毛,支付宝现金支付红包：理发时用的
0.32,微信,2022/03/09,薅羊毛,拼多多
0.09,微信,2022/03/10,理财,零钱通收益发放
0.41,支付宝,2022/03/10,理财,余额宝收益发放
0.12,微信,2022/03/10,薅羊毛,拼多多
0.11,微信,2022/03/11,理财,零钱通收益发放
0.41,支付宝,2022/03/11,理财,余额宝收益发放
0.09,微信,2022/03/11,薅羊毛,拼多多
0.12,微信,2022/03/12,理财,零钱通收益发放
0.44,支付宝,2022/03/12,理财,余额宝收益发放
0.09,微信,2022/03/12,薅羊毛,拼多多
0.09,微信,2022/03/13,理财,零钱通收益发放
0.44,支付宝,2022/03/13,理财,余额宝收益发放
0.09,微信,2022/03/13,薅羊毛,拼多多
0.09,微信,2022/03/14,理财,零钱通收益发放
0.44,支付宝,2022/03/14,理财,余额宝收益发放
0.28,微信,2022/03/14,薅羊毛,拼多多
0.1,微信,2022/03/15,理财,零钱通收益发放
0.44,支付宝,2022/03/15,理财,余额宝收益发放
0.13,微信,2022/03/15,薅羊毛,拼多多
-1.2,微信,2022/03/15,其他,2021年10月-2022年3月团费
0.09,微信,2022/03/16,理财,零钱通收益发放
0.44,支付宝,2022/03/16,理财,余额宝收益发放
0.09,微信,2022/03/17,理财,零钱通收益发放
0.44,支付宝,2022/03/17,理财,余额宝收益发放
0.04,微信,2022/03/17,薅羊毛,拼多多
0.09,微信,2022/03/18,理财,零钱通收益发放
0.44,支付宝,2022/03/18,理财,余额宝收益发放
0.08,微信,2022/03/18,薅羊毛,拼多多
0.11,微信,2022/03/19,理财,零钱通收益发放
0.44,支付宝,2022/03/19,理财,余额宝收益发放
0.07,微信,2022/03/19,薅羊毛,拼多多
0.09,微信,2022/03/20,理财,零钱通收益发放
0.44,支付宝,2022/03/20,理财,余额宝收益发放
0.23,微信,2022/03/20,薅羊毛,拼多多
0.09,微信,2022/03/21,理财,零钱通收益发放
0.44,支付宝,2022/03/21,理财,余额宝收益发放
0.09,微信,2022/03/21,薅羊毛,拼多多
0.41,邮政储蓄,2022/03/21,理财,邮政储蓄银行利息
0.09,微信,2022/03/22,理财,零钱通收益发放
0.44,支付宝,2022/03/22,理财,余额宝收益发放
-20.0,花呗,2022/03/22,家庭,给妈妈充话费
0.09,微信,2022/03/22,薅羊毛,拼多多
0.1,微信,2022/03/23,理财,零钱通收益发放
0.44,支付宝,2022/03/23,理财,余额宝收益发放
0.09,微信,2022/03/24,理财,零钱通收益发放
0.44,支付宝,2022/03/24,理财,余额宝收益发放
0.09,微信,2022/03/25,理财,零钱通收益发放
0.45,支付宝,2022/03/25,理财,余额宝收益发放
0.16,微信,2022/03/25,薅羊毛,拼多多
0.09,微信,2022/03/26,理财,零钱通收益发放
0.44,支付宝,2022/03/26,理财,余额宝收益发放
0.4,微信,2022/03/26,薅羊毛,拼多多
0.09,微信,2022/03/27,理财,零钱通收益发放
0.44,支付宝,2022/03/27,理财,余额宝收益发放
0.01,微信,2022/03/27,薅羊毛,拼多多
0.09,微信,2022/03/28,理财,零钱通收益发放
0.44,支付宝,2022/03/28,理财,余额宝收益发放
0.11,微信,2022/03/28,薅羊毛,拼多多
0.1,微信,2022/03/29,理财,零钱通收益发放
0.44,支付宝,2022/03/29,理财,余额宝收益发放
0.1,微信,2022/03/30,理财,零钱通收益发放
0.45,支付宝,2022/03/30,理财,余额宝收益发放
0.1,微信,2022/03/31,理财,零钱通收益发放
0.45,支付宝,2022/03/31,理财,余额宝收益发放
0.1,微信,2022/04/01,理财,零钱通收益发放
0.41,支付宝,2022/04/01,理财,余额宝收益发放
0.1,微信,2022/04/02,理财,零钱通收益发放
0.44,支付宝,2022/04/02,理财,余额宝收益发放
0.1,微信,2022/04/03,理财,零钱通收益发放
0.44,支付宝,2022/04/03,理财,余额宝收益发放
0.08,微信,2022/04/03,薅羊毛,拼多多
0.1,微信,2022/04/04,理财,零钱通收益发放
0.44,支付宝,2022/04/04,理财,余额宝收益发放
0.08,微信,2022/04/04,薅羊毛,拼多多
0.1,微信,2022/04/05,理财,零钱通收益发放
0.44,支付宝,2022/04/05,理财,余额宝收益发放
0.11,微信,2022/04/05,薅羊毛,拼多多
0.1,微信,2022/04/06,理财,零钱通收益发放
0.44,支付宝,2022/04/06,理财,余额宝收益发放
0.1,微信,2022/04/07,理财,零钱通收益发放
0.44,支付宝,2022/04/07,理财,余额宝收益发放
0.19,微信,2022/04/07,薅羊毛,拼多多
0.09,微信,2022/04/08,理财,零钱通收益发放
0.44,支付宝,2022/04/08,理财,余额宝收益发放
0.09,微信,2022/04/09,理财,零钱通收益发放
0.44,支付宝,2022/04/09,理财,余额宝收益发放
3.0,微信,2022/04/09,薅羊毛,快手极速版红包：北京快手科技有限公司 2022年4月9日 17:17:43 快手极速版提现
0.15,微信,2022/04/09,薅羊毛,拼多多
0.09,微信,2022/04/10,理财,零钱通收益发放
0.44,支付宝,2022/04/10,理财,余额宝收益发放
0.1,微信,2022/04/10,薅羊毛,拼多多
0.09,微信,2022/04/11,理财,零钱通收益发放
0.44,支付宝,2022/04/11,理财,余额宝收益发放
0.04,微信,2022/04/11,薅羊毛,拼多多
0.09,微信,2022/04/12,理财,零钱通收益发放
0.44,支付宝,2022/04/12,理财,余额宝收益发放
0.15,微信,2022/04/12,薅羊毛,拼多多
0.09,微信,2022/04/13,理财,零钱通收益发放
0.44,支付宝,2022/04/13,理财,余额宝收益发放
0.16,微信,2022/04/13,薅羊毛,拼多多
-10.0,农业银行,2022/03/26,话费,美团话费充值
9.0,农业银行,2022/03/26,薅羊毛,美团话费充值红包
0.5,农业银行,2022/03/26,薅羊毛,美团话费充值钱袋宝减免
-1.0,中国银行,2022/03/04,话费,翼支付话费充值
0.5,中国银行,2022/03/04,薅羊毛,翼支付话费充值红包
2.71,中国银行,2022/03/20,理财,中国银行利息
0.09,微信,2022/04/14,理财,零钱通收益发放
0.07,微信,2022/04/14,薅羊毛,拼多多
0.44,支付宝,2022/04/14,理财,余额宝收益发放
0.09,微信,2022/04/15,理财,零钱通收益发放
0.16,微信,2022/04/15,薅羊毛,拼多多
0.44,支付宝,2022/04/15,理财,余额宝收益发放
-8.0,支付宝,2022/04/15,家庭,【新绘打印（郓城）】量大优惠网上打印资料教材印刷扫描复印A3A4考研资料打印服务包邮（黄春娇知识总结、我的文献阅读打印、手账素材彩印）
0.09,微信,2022/04/16,理财,零钱通收益发放
0.16,微信,2022/04/16,薅羊毛,拼多多
0.45,支付宝,2022/04/16,理财,余额宝收益发放
0.08,微信,2022/04/17,理财,零钱通收益发放
0.45,支付宝,2022/04/17,理财,余额宝收益发放
0.08,微信,2022/04/18,理财,零钱通收益发放
0.14,微信,2022/04/18,薅羊毛,拼多多
0.45,支付宝,2022/04/18,理财,余额宝收益发放
0.09,微信,2022/04/19,理财,零钱通收益发放
0.14,微信,2022/04/19,薅羊毛,拼多多
0.44,支付宝,2022/04/19,理财,余额宝收益发放
0.09,微信,2022/04/20,理财,零钱通收益发放
0.14,微信,2022/04/20,薅羊毛,拼多多
0.45,支付宝,2022/04/20,理财,余额宝收益发放
0.09,微信,2022/04/21,理财,零钱通收益发放
0.44,支付宝,2022/04/21,理财,余额宝收益发放
0.09,微信,2022/04/22,理财,零钱通收益发放
0.15,微信,2022/04/22,薅羊毛,拼多多
0.43,支付宝,2022/04/22,理财,余额宝收益发放
0.09,微信,2022/04/23,理财,零钱通收益发放
0.12,微信,2022/04/23,薅羊毛,拼多多
0.43,支付宝,2022/04/23,理财,余额宝收益发放
0.08,微信,2022/04/24,理财,零钱通收益发放
0.14,微信,2022/04/24,薅羊毛,拼多多
0.43,支付宝,2022/04/24,理财,余额宝收益发放
-12.0,花呗,2022/04/24,电子,Visio 2021 2019 2016 2013 2010密钥永久激活码project 专业版流程图项目管理软件远（Visio2021【支持重装】;1m）【阿芙达旗舰店】
0.08,微信,2022/04/25,理财,零钱通收益发放
0.14,微信,2022/04/25,薅羊毛,拼多多
0.43,支付宝,2022/04/25,理财,余额宝收益发放
0.1,微信,2022/04/26,理财,零钱通收益发放
0.12,微信,2022/04/26,薅羊毛,拼多多
0.15,微信,2022/04/26,薅羊毛,商家转账-来自健康金活动（付款商家：腾讯医疗健康（深圳）有限公司）
0.43,支付宝,2022/04/26,理财,余额宝收益发放
0.09,微信,2022/04/27,理财,零钱通收益发放
0.12,微信,2022/04/27,薅羊毛,拼多多
0.43,支付宝,2022/04/27,理财,余额宝收益发放
0.09,微信,2022/04/28,理财,零钱通收益发放
0.07,微信,2022/04/28,薅羊毛,拼多多
0.43,支付宝,2022/04/28,理财,余额宝收益发放
0.09,微信,2022/04/29,理财,零钱通收益发放
0.05,微信,2022/04/29,薅羊毛,拼多多
0.43,支付宝,2022/04/29,理财,余额宝收益发放
0.09,微信,2022/04/30,理财,零钱通收益发放
0.05,微信,2022/04/30,薅羊毛,拼多多
0.42,支付宝,2022/04/30,理财,余额宝收益发放
0.08,微信,2022/05/01,理财,零钱通收益发放
0.1,微信,2022/05/01,薅羊毛,拼多多
0.42,支付宝,2022/05/01,理财,余额宝收益发放
0.08,微信,2022/05/02,理财,零钱通收益发放
0.15,微信,2022/05/02,薅羊毛,拼多多
0.42,支付宝,2022/05/02,理财,余额宝收益发放
0.08,微信,2022/05/03,理财,零钱通收益发放
0.42,支付宝,2022/05/03,理财,余额宝收益发放
0.08,微信,2022/05/04,理财,零钱通收益发放
0.42,支付宝,2022/05/04,理财,余额宝收益发放
0.08,微信,2022/05/05,理财,零钱通收益发放
0.42,支付宝,2022/05/05,理财,余额宝收益发放
0.09,微信,2022/05/06,理财,零钱通收益发放
0.42,支付宝,2022/05/06,理财,余额宝收益发放
0.08,微信,2022/05/07,理财,零钱通收益发放
0.42,支付宝,2022/05/07,理财,余额宝收益发放
0.08,微信,2022/05/08,理财,零钱通收益发放
0.42,支付宝,2022/05/08,理财,余额宝收益发放
0.08,微信,2022/05/09,理财,零钱通收益发放
0.42,支付宝,2022/05/09,理财,余额宝收益发放
0.08,微信,2022/05/10,理财,零钱通收益发放
0.42,支付宝,2022/05/10,理财,余额宝收益发放
0.08,微信,2022/05/11,理财,零钱通收益发放
0.42,支付宝,2022/05/11,理财,余额宝收益发放
0.08,微信,2022/05/12,理财,零钱通收益发放
0.42,支付宝,2022/05/12,理财,余额宝收益发放
0.08,微信,2022/05/13,理财,零钱通收益发放
0.41,支付宝,2022/05/13,理财,余额宝收益发放
0.08,微信,2022/05/14,理财,零钱通收益发放
0.41,支付宝,2022/05/14,理财,余额宝收益发放
0.08,微信,2022/05/15,理财,零钱通收益发放
0.41,支付宝,2022/05/15,理财,余额宝收益发放
0.08,微信,2022/05/16,理财,零钱通收益发放
0.41,支付宝,2022/05/16,理财,余额宝收益发放
0.08,微信,2022/05/17,理财,零钱通收益发放
0.43,支付宝,2022/05/17,理财,余额宝收益发放
0.08,微信,2022/05/18,理财,零钱通收益发放
0.41,支付宝,2022/05/18,理财,余额宝收益发放
0.08,微信,2022/05/19,理财,零钱通收益发放
0.4,支付宝,2022/05/19,理财,余额宝收益发放
-668.0,微信,2022/05/19,电子,2021年电赛准备器件购买元器件话费（转账给高庆峰）
0.05,微信,2022/05/20,理财,零钱通收益发放
0.4,支付宝,2022/05/20,理财,余额宝收益发放
0.03,微信,2022/05/20,薅羊毛,拼多多
0.04,微信,2022/05/21,薅羊毛,拼多多
1.0,微信,2022/05/21,薅羊毛,快手极速版红包提现
0.4,支付宝,2022/05/21,理财,余额宝收益发放
0.3,微信,2022/05/21,薅羊毛,商家转账-来自王牌飞跃（跳一跳）
-20.0,花呗,2022/05/21,生活,邮寄学生证到大连海事大学（毕业审核需要）（京东）（To 石宇龙）
-21.0,支付宝,2022/05/21,学习,NCRE补办合格证明书缴费（教育部教育考试院）
0.06,微信,2022/05/22,薅羊毛,拼多多
0.4,支付宝,2022/05/22,理财,余额宝收益发放
-0.6,微信,2022/05/22,其他,2022年4月-2022年6月团费
0.14,微信,2022/05/23,薅羊毛,拼多多
0.4,支付宝,2022/05/23,理财,余额宝收益发放
0.01,微信,2022/05/24,薅羊毛,拼多多
0.4,支付宝,2022/05/24,理财,余额宝收益发放
0.16,微信,2022/05/25,理财,零钱通收益发放
0.04,微信,2022/05/25,薅羊毛,拼多多
0.39,支付宝,2022/05/25,理财,余额宝收益发放
0.15,微信,2022/05/26,理财,零钱通收益发放
0.01,微信,2022/05/26,薅羊毛,拼多多
0.39,支付宝,2022/05/26,理财,余额宝收益发放
0.17,微信,2022/05/27,理财,零钱通收益发放
0.01,微信,2022/05/27,薅羊毛,拼多多
0.39,支付宝,2022/05/27,理财,余额宝收益发放
-15.0,花呗,2022/05/27,理发,五界家西：扫收钱码付款-给*兆丰（奶奶老的那一天，骑着妈的电动车去的）
0.15,微信,2022/05/28,理财,零钱通收益发放
0.03,微信,2022/05/28,薅羊毛,拼多多
0.39,支付宝,2022/05/28,理财,余额宝收益发放
-88.0,微信,2022/05/28,生活,邮寄行李（许俊杰帮忙）
0.14,微信,2022/05/29,理财,零钱通收益发放
0.39,支付宝,2022/05/29,理财,余额宝收益发放
0.14,微信,2022/05/30,理财,零钱通收益发放
0.39,支付宝,2022/05/30,理财,余额宝收益发放
-1.15,微信,2022/05/30,其他,大连海事大学毕业审核之图书馆欠款清算
-10.0,中国银行,2022/05/30,话费,翼支付话费充值
5.0,中国银行,2022/05/30,薅羊毛,翼支付话费充值红包
0.15,微信,2022/05/31,理财,零钱通收益发放
0.04,微信,2022/05/31,薅羊毛,拼多多
0.39,支付宝,2022/05/31,理财,余额宝收益发放
0.15,微信,2022/06/01,理财,零钱通收益发放
0.39,支付宝,2022/06/01,理财,余额宝收益发放
0.15,微信,2022/06/02,理财,零钱通收益发放
0.12,微信,2022/06/02,薅羊毛,拼多多
0.39,支付宝,2022/06/02,理财,余额宝收益发放
0.15,微信,2022/06/03,理财,零钱通收益发放
0.18,微信,2022/06/03,薅羊毛,拼多多
0.39,支付宝,2022/06/03,理财,余额宝收益发放
0.14,微信,2022/06/04,理财,零钱通收益发放
0.05,微信,2022/06/04,薅羊毛,拼多多
0.39,支付宝,2022/06/04,理财,余额宝收益发放
-4.2,花呗,2022/06/04,电子,原装耳机入耳式oppo华为p20魅族vivox50小米有线type c通用耳塞麦 官方标配;a1白色经典版 一条（世贤科技）
4.0,花呗,2022/06/04,薅羊毛,淘宝红包抵扣：原装耳机入耳式oppo华为p20魅族vivox50小米有线type c通用耳塞麦 官方标配;a1白色经典版 一条（世贤科技）
0.12,花呗,2022/06/04,薅羊毛,淘金币抵扣：原装耳机入耳式oppo华为p20魅族vivox50小米有线type c通用耳塞麦 官方标配;a1白色经典版 一条（世贤科技）
0.14,微信,2022/06/05,理财,零钱通收益发放
0.06,微信,2022/06/05,薅羊毛,拼多多
0.39,支付宝,2022/06/05,理财,余额宝收益发放
0.14,微信,2022/06/06,理财,零钱通收益发放
0.35,微信,2022/06/06,薅羊毛,拼多多
0.39,支付宝,2022/06/06,理财,余额宝收益发放
0.14,微信,2022/06/07,理财,零钱通收益发放
0.39,支付宝,2022/06/07,理财,余额宝收益发放
0.17,微信,2022/06/08,理财,零钱通收益发放
0.18,微信,2022/06/08,薅羊毛,拼多多
0.38,支付宝,2022/06/08,理财,余额宝收益发放
0.18,微信,2022/06/09,理财,零钱通收益发放
0.13,微信,2022/06/09,薅羊毛,拼多多
0.4,支付宝,2022/06/09,理财,余额宝收益发放
-18.0,微信,2022/06/09,其他,市优秀毕业生证书邮寄（石宇龙 To Me）（顺丰到付）
0.35,微信,2022/06/10,理财,零钱通收益发放
0.09,微信,2022/06/10,薅羊毛,拼多多
0.38,支付宝,2022/06/10,理财,余额宝收益发放
0.14,微信,2022/06/11,理财,零钱通收益发放
0.38,支付宝,2022/06/11,理财,余额宝收益发放
0.14,微信,2022/06/12,理财,零钱通收益发放
0.09,微信,2022/06/12,薅羊毛,拼多多
0.38,支付宝,2022/06/12,理财,余额宝收益发放
0.14,微信,2022/06/13,理财,零钱通收益发放
0.14,微信,2022/06/13,薅羊毛,拼多多
0.38,支付宝,2022/06/13,理财,余额宝收益发放
-19.0,微信,2022/06/13,其他,毕业证书和学位证书的皮（壳）邮寄（毛国超 To Me）（顺丰到付）
0.14,微信,2022/06/14,理财,零钱通收益发放
0.4,支付宝,2022/06/14,理财,余额宝收益发放
0.14,微信,2022/06/15,理财,零钱通收益发放
0.38,支付宝,2022/06/15,理财,余额宝收益发放
0.18,微信,2022/06/16,理财,零钱通收益发放
0.38,支付宝,2022/06/16,理财,余额宝收益发放
0.17,微信,2022/06/17,理财,零钱通收益发放
0.38,支付宝,2022/06/17,理财,余额宝收益发放
0.14,微信,2022/06/18,理财,零钱通收益发放
0.4,支付宝,2022/06/18,理财,余额宝收益发放
0.13,微信,2022/06/19,理财,零钱通收益发放
0.38,支付宝,2022/06/19,理财,余额宝收益发放
-10.0,花呗,2022/06/19,话费,话费
0.06,花呗,2022/06/19,薅羊毛,支付宝充话费红包
0.13,微信,2022/06/20,理财,零钱通收益发放
0.38,支付宝,2022/06/20,理财,余额宝收益发放
2.24,中国银行,2022/06/20,理财,中国银行利息
0.13,微信,2022/06/21,理财,零钱通收益发放
0.37,支付宝,2022/06/21,理财,余额宝收益发放
0.03,邮政储蓄,2022/06/21,理财,邮政储蓄银行利息
0.14,微信,2022/06/22,理财,零钱通收益发放
0.37,支付宝,2022/06/22,理财,余额宝收益发放
0.14,微信,2022/06/23,理财,零钱通收益发放
0.37,支付宝,2022/06/23,理财,余额宝收益发放
-10.0,花呗,2022/06/23,家庭,给妈买电话卡（山东电信自营无忧卡月基本费5元限购一件全国发货 号码归属地随机）
0.14,微信,2022/06/24,理财,零钱通收益发放
0.37,支付宝,2022/06/24,理财,余额宝收益发放
0.14,微信,2022/06/25,理财,零钱通收益发放
0.37,支付宝,2022/06/25,理财,余额宝收益发放
0.14,微信,2022/06/26,理财,零钱通收益发放
0.37,支付宝,2022/06/26,理财,余额宝收益发放
-10.0,花呗,2022/06/26,家庭,给妈妈充话费
0.2,花呗,2022/06/26,薅羊毛,支付宝充话费红包
0.14,微信,2022/06/27,理财,零钱通收益发放
0.37,支付宝,2022/06/27,理财,余额宝收益发放
0.15,微信,2022/06/28,理财,零钱通收益发放
0.38,支付宝,2022/06/28,理财,余额宝收益发放
0.15,微信,2022/06/29,理财,零钱通收益发放
0.38,支付宝,2022/06/29,理财,余额宝收益发放
0.16,微信,2022/06/30,理财,零钱通收益发放
0.38,支付宝,2022/06/30,理财,余额宝收益发放
0.17,微信,2022/07/01,理财,零钱通收益发放
0.1,微信,2022/07/01,薅羊毛,拼多多
0.34,支付宝,2022/07/01,理财,余额宝收益发放
0.16,微信,2022/07/02,理财,零钱通收益发放
0.38,支付宝,2022/07/02,理财,余额宝收益发放
0.16,微信,2022/07/03,理财,零钱通收益发放
0.09,微信,2022/07/03,薅羊毛,拼多多
0.38,支付宝,2022/07/03,理财,余额宝收益发放
177.0,支付宝,2022/07/03,瞎搞,QQ上有一个人（池江：3344196521）加好友，拉我进群（满面春风），说做抖音点赞任务可以赚钱，我就试了几个，下载了APP华晨媒体，后来又说银行卡转钱68，今天参加了一次，绑定了中国银行银行卡，返回了103，白薅了这些羊毛，类似这种：https://zhuanlan.zhihu.com/p/386091460 【联单任务工资安排如下 1 连续做满1.2.3单工资8元 2 连续做满4.5.6单工资14元 3 连续做满7.8.9单工资18元 4 连续做满10.11.12单工资23元 5 连续做满13.14.15单工资28元 6 连续做满16.17.18单工资38元 注意：(必须连续完任务，中途不可断）中断联系接待员补单，遵守补单规则】
1.25,QQ,2022/07/03,瞎搞,QQ上有一个人（池江：3344196521）加好友，拉我进群（满面春风），群里发的红包
0.16,微信,2022/07/04,理财,零钱通收益发放
0.18,微信,2022/07/04,薅羊毛,拼多多
0.38,支付宝,2022/07/04,理财,余额宝收益发放
45.0,支付宝,2022/07/04,瞎搞,接着昨天的：QQ上有一个人（池江：3344196521）加好友，拉我进群（满面春风），说做抖音点赞任务可以赚钱，我就试了几个，下载了APP华晨媒体，后来又说银行卡转钱68，今天参加了一次，绑定了中国银行银行卡，返回了103，白薅了这些羊毛，类似这种：https://zhuanlan.zhihu.com/p/386091460 【联单任务工资安排如下 1 连续做满1.2.3单工资8元 2 连续做满4.5.6单工资14元 3 连续做满7.8.9单工资18元 4 连续做满10.11.12单工资23元 5 连续做满13.14.15单工资28元 6 连续做满16.17.18单工资38元 注意：(必须连续完任务，中途不可断）中断联系接待员补单，遵守补单规则】
0.19,微信,2022/07/05,理财,零钱通收益发放
0.38,支付宝,2022/07/05,理财,余额宝收益发放
0.18,微信,2022/07/06,理财,零钱通收益发放
0.38,支付宝,2022/07/06,理财,余额宝收益发放
0.17,微信,2022/07/07,理财,零钱通收益发放
0.39,支付宝,2022/07/07,理财,余额宝收益发放
0.17,微信,2022/07/08,理财,零钱通收益发放
0.39,支付宝,2022/07/08,理财,余额宝收益发放
0.17,微信,2022/07/09,理财,零钱通收益发放
0.39,支付宝,2022/07/09,理财,余额宝收益发放
0.17,微信,2022/07/10,理财,零钱通收益发放
0.39,支付宝,2022/07/10,理财,余额宝收益发放
177.4,支付宝,2022/07/10,瞎搞,又一个：QQ上有一个人（璃玥：1724245603）加好友，拉我进群（曲终人散114），说做抖音点赞任务可以赚钱，我就试了几个，下载了APP，绑定了中国银行银行卡，白薅了这些羊毛，类似这种：https://zhuanlan.zhihu.com/p/386091460
0.94,QQ,2022/07/10,瞎搞,QQ上有一个人（璃玥：1724245603）加好友，拉我进群（曲终人散114），群里发的红包
0.17,微信,2022/07/11,理财,零钱通收益发放
0.39,支付宝,2022/07/11,理财,余额宝收益发放
0.18,微信,2022/07/12,理财,零钱通收益发放
0.17,微信,2022/07/12,薅羊毛,拼多多
0.39,支付宝,2022/07/12,理财,余额宝收益发放
0.16,微信,2022/07/13,理财,零钱通收益发放
0.39,支付宝,2022/07/13,理财,余额宝收益发放
0.16,微信,2022/07/14,理财,零钱通收益发放
0.18,微信,2022/07/14,薅羊毛,拼多多
0.39,支付宝,2022/07/14,理财,余额宝收益发放
0.16,微信,2022/07/15,理财,零钱通收益发放
0.18,微信,2022/07/15,薅羊毛,拼多多
0.39,支付宝,2022/07/15,理财,余额宝收益发放
-10.0,中国银行,2022/07/15,话费,翼支付话费充值
0.16,中国银行,2022/07/15,薅羊毛,翼支付话费充值红包
0.16,微信,2022/07/16,理财,零钱通收益发放
0.16,微信,2022/07/16,薅羊毛,拼多多
0.39,支付宝,2022/07/16,理财,余额宝收益发放
0.16,微信,2022/07/17,理财,零钱通收益发放
0.16,微信,2022/07/17,薅羊毛,拼多多
0.39,支付宝,2022/07/17,理财,余额宝收益发放
0.16,微信,2022/07/18,理财,零钱通收益发放
0.39,支付宝,2022/07/18,理财,余额宝收益发放
0.16,微信,2022/07/19,理财,零钱通收益发放
0.14,微信,2022/07/19,薅羊毛,拼多多
0.38,支付宝,2022/07/19,理财,余额宝收益发放
-13.8,花呗,2022/07/19,家庭,黄春娇的书：初中基础知识天天背化学中考复习资料口袋书
0.16,微信,2022/07/20,理财,零钱通收益发放
0.14,微信,2022/07/20,薅羊毛,拼多多
0.38,支付宝,2022/07/20,理财,余额宝收益发放
0.16,微信,2022/07/21,理财,零钱通收益发放
0.14,微信,2022/07/21,薅羊毛,拼多多
0.38,支付宝,2022/07/21,理财,余额宝收益发放
0.16,微信,2022/07/22,理财,零钱通收益发放
0.38,支付宝,2022/07/22,理财,余额宝收益发放
-10.0,花呗,2022/07/22,家庭,中国移动充值
0.16,微信,2022/07/23,理财,零钱通收益发放
0.14,微信,2022/07/23,薅羊毛,拼多多
0.38,支付宝,2022/07/23,理财,余额宝收益发放
-0.9,支付宝,2022/07/23,生活,强人指甲刀不锈钢套装 强人大号平口【2个】送耳勺（原价4.9）
0.15,微信,2022/07/24,理财,零钱通收益发放
0.38,支付宝,2022/07/24,理财,余额宝收益发放
-0.05,花呗,2022/07/24,生活,挖球器挖水果球勺子套装多功能火龙果西瓜挖球勺拼盘工具雕花神器 玫红色（原价2.9）
0.15,微信,2022/07/25,理财,零钱通收益发放
-6.0,微信,2022/07/25,交通,去郓城贷款（来回车费）
-2.0,微信,2022/07/25,交通,在郓城从交通枢纽->西关小学（来回车费）（贷款车费）
-2.0,微信,2022/07/25,交通,在郓城从交通枢纽->汽车站附近（来回车费）
-13.0,微信,2022/07/25,吃饭,郓城马蕊拉面馆（支付时间：2022年7月25日 12:42:13）
0.38,支付宝,2022/07/25,理财,余额宝收益发放
-0.33,花呗,2022/07/25,生活,物语本色3包卫生纸实惠装 3包（原价3.1）
-18.7,支付宝,2022/07/25,电子,京东买的：英菲克（INPHIC）PW1h 有线鼠标 游戏鼠标 轻音鼠标 宏定义 家用笔记本电脑台式USB通用 黑色
0.15,微信,2022/07/26,理财,零钱通收益发放
0.07,微信,2022/07/26,薅羊毛,拼多多
0.38,支付宝,2022/07/26,理财,余额宝收益发放
-3.66,支付宝,2022/07/26,电子,USB接口分线器笔记本电脑U盘鼠标键盘打印机HUB扩展器多口集线器 独立开关USB【黑色--4口】（原价6.86）
0.16,微信,2022/07/27,理财,零钱通收益发放
0.38,支付宝,2022/07/27,理财,余额宝收益发放
-1.0,支付宝,2022/07/27,电子,onedrive扩容15g自己账户微软 自己账户永久扩容至15G（原价3）
0.16,微信,2022/07/28,理财,零钱通收益发放
0.12,微信,2022/07/28,薅羊毛,拼多多
0.38,支付宝,2022/07/28,理财,余额宝收益发放
0.16,微信,2022/07/29,理财,零钱通收益发放
0.61,微信,2022/07/29,瞎搞,微信免费领购物券群里发的红包（真的成功了，两个号领的券买了）
0.4,支付宝,2022/07/29,理财,余额宝收益发放
0.17,微信,2022/07/30,理财,零钱通收益发放
0.38,支付宝,2022/07/30,理财,余额宝收益发放
-10.0,花呗,2022/07/30,家庭,给妈充话费（134****9901）
2.9,花呗,2022/07/30,薅羊毛,支付宝红包
-11.99,中国银行,2022/07/30,话费,翼支付话费充值
1.99,中国银行,2022/07/30,薅羊毛,翼支付话费充值红包
0.16,微信,2022/07/31,理财,零钱通收益发放
4.12,微信,2022/07/31,薅羊毛,在淘宝买的挖耳勺送快递的给整丢了，这是赔付的钱减去实际用的钱0.08（实际只用了0.08元，其他的都是红包顶替的）
0.13,微信,2022/07/31,薅羊毛,拼多多
0.38,支付宝,2022/07/31,理财,余额宝收益发放
0.09,微信,2023/02/08,理财,零钱通收益发放
0.19,支付宝,2023/02/08,理财,余额宝收益发放
0.11,微信,2023/02/08,薅羊毛,拼多多
0.12,支付宝,2023/02/08,薅羊毛,淘宝
-10.0,校园卡,2023/02/08,吃饭,西一一楼风味铁板饭
-12.1,校园卡,2023/02/08,吃饭,西一一楼风味套餐
-4.0,花呗,2023/02/08,饮料,果粒橙
0.1,微信,2023/02/09,理财,零钱通收益发放
0.18,支付宝,2023/02/09,理财,余额宝收益发放
0.1,微信,2023/02/09,薅羊毛,拼多多
0.1,支付宝,2023/02/09,薅羊毛,淘宝
-11.0,校园卡,2023/02/09,吃饭,西一一楼风味铁板饭
-12.9,校园卡,2023/02/09,吃饭,西一一楼风味套餐
0.1,微信,2023/02/10,理财,零钱通收益发放
0.18,支付宝,2023/02/10,理财,余额宝收益发放
0.13,微信,2023/02/10,薅羊毛,拼多多
0.1,支付宝,2023/02/10,薅羊毛,淘宝
-9.6,校园卡,2023/02/10,吃饭,西一二楼风味江浙风味
-11.3,校园卡,2023/02/10,吃饭,校园卡 西一一楼风味铁板饭
-4.0,花呗,2023/02/10,饮料,美汁源果粒奶优
-22.0,花呗,2023/02/10,生活,热水卡充值（洗澡）（原本30，隋文奇用了8元，已转到微信）
0.1,微信,2023/02/11,理财,零钱通收益发放
0.19,支付宝,2023/02/11,理财,余额宝收益发放
0.09,微信,2023/02/11,薅羊毛,拼多多
0.12,支付宝,2023/02/11,薅羊毛,淘宝
-9.0,校园卡,2023/02/11,吃饭,校园卡 西一一楼风味铁板饭
-3.0,校园卡,2023/02/11,饮料,西一一楼风味水吧
-15.6,微信,2023/02/11,吃饭,你好同学外卖：上吉铺黄焖鸡米饭（华科店）
2.0,微信,2023/02/05,吃饭,大师粥铺（2月12返现的）
0.1,微信,2023/02/12,理财,零钱通收益发放
0.19,支付宝,2023/02/12,理财,余额宝收益发放
0.12,微信,2023/02/12,薅羊毛,拼多多
0.1,支付宝,2023/02/12,薅羊毛,淘宝
-12.0,微信,2023/02/12,吃饭,同学你好外卖券3张
-13.8,微信,2023/02/12,吃饭,广东烧鹅饭&烧卤饭
-15.0,校园卡,2023/02/12,吃饭,百景一楼老广味道
-4.0,花呗,2023/02/12,饮料,果粒橙
0.12,花呗,2023/02/12,薅羊毛,支付宝红包
0.1,微信,2023/02/13,理财,零钱通收益发放
0.19,支付宝,2023/02/13,理财,余额宝收益发放
0.1,微信,2023/02/13,薅羊毛,拼多多
0.1,支付宝,2023/02/13,薅羊毛,淘宝
-4.0,花呗,2023/02/13,饮料,果粒橙
-6.0,支付宝,2023/02/13,吃饭,美团外卖：碗农
2.0,支付宝,2023/02/13,薅羊毛,美团外卖准时宝，未及时送到，补贴2元，现存在美团钱包
-11.9,校园卡,2023/02/13,吃饭,百惠园快餐
0.1,微信,2023/02/14,理财,零钱通收益发放
0.19,支付宝,2023/02/14,理财,余额宝收益发放
-11.9,校园卡,2023/02/14,吃饭,百惠园快餐
-10.5,校园卡,2023/02/14,吃饭,西二一楼
0.1,微信,2023/02/15,理财,零钱通收益发放
0.19,支付宝,2023/02/15,理财,余额宝收益发放
0.09,微信,2023/02/15,薅羊毛,拼多多
-1.6,微信,2023/02/15,学习,打印课程报告（电力电子在电力系统中的应用、电力电子装置及系统的电磁兼容）
-6.7,支付宝,2023/02/15,吃饭,美团外卖：碗农
-2.1,花呗,2023/02/15,洗衣,洗衣：华中科技大学西九舍-西九舍2层东1号机
-4.0,花呗,2023/02/15,饮料,果粒奶优
-9.0,校园卡,2023/02/15,吃饭,校园卡 西一一楼风味铁板饭
0.09,微信,2023/02/16,理财,零钱通收益发放
0.19,支付宝,2023/02/16,理财,余额宝收益发放
-11.6,校园卡,2023/02/16,吃饭,百惠园快餐
-10.1,校园卡,2023/02/16,吃饭,西二一楼
-4.0,花呗,2023/02/16,饮料,果粒橙
0.09,微信,2023/02/17,理财,零钱通收益发放
0.19,支付宝,2023/02/17,理财,余额宝收益发放
0.11,微信,2023/02/17,薅羊毛,拼多多
-10.2,校园卡,2023/02/17,吃饭,西二一楼
-12.0,校园卡,2023/02/17,吃饭,西一二楼风味粤式风味
